Modo,Fecha_Hora,Circuito,Circuit_Qubits,Total_Qubits_Iteracion,Circuitos_Iteracion,Circuit_Cost,Iteration_Cost,Ahorro_Circuito
Local Completo,2026-09-21 12:24:25,qaoa_indep_5_mqt.py,9,61,7,0.7377049180327868,5.0,4.262295081967213
Local Completo,2026-09-21 12:24:25,qft_7_vq.py,13,61,7,1.0655737704918031,5.0,3.9344262295081966
Local Completo,2026-09-21 12:24:25,grover_3_vq.py,5,61,7,0.40983606557377045,5.0,4.590163934426229
Local Completo,2026-09-21 12:24:25,shor_mod21_mqt.py,11,61,7,0.9016393442622951,5.0,4.098360655737705
Local Completo,2026-09-21 12:24:25,bv_2_vq.py,3,61,7,0.2459016393442623,5.0,4.754098360655738
Local Completo,2026-09-21 12:24:25,tsp_indep_4_mqt.py,7,61,7,0.5737704918032787,5.0,4.426229508196721
Local Completo,2026-09-21 12:24:25,shor_mod21_mqt.py,13,61,7,1.0655737704918031,5.0,3.9344262295081966
Local Completo,2026-09-21 12:24:32,pe_6_vq.py,11,40,5,1.375,5.0,3.625
Local Completo,2026-09-21 12:24:32,kickback_7_vq.py,11,40,5,1.375,5.0,3.625
Local Completo,2026-09-21 12:24:32,qwalk-noancilla_3_mqt.py,6,40,5,0.75,5.0,4.25
Local Completo,2026-09-21 12:24:32,qwalk-noancilla_3_mqt.py,6,40,5,0.75,5.0,4.25
Local Completo,2026-09-21 12:24:32,grover-v-chain_4_mqt.py,6,40,5,0.75,5.0,4.25
Local Completo,2026-09-21 12:24:33,bv_4_vq.py,8,12,2,3.333333333333333,5.0,1.666666666666667
Local Completo,2026-09-21 12:24:33,qft_3_mqt.py,4,12,2,1.6666666666666665,5.0,3.3333333333333335
Local Completo,2026-09-21 12:24:37,dj_indep_4_mqt.py,5,49,6,0.5102040816326531,5.0,4.489795918367347
Local Completo,2026-09-21 12:24:37,simon_vq.py,10,49,6,1.0204081632653061,5.0,3.979591836734694
Local Completo,2026-09-21 12:24:37,qft_6_mqt.py,11,49,6,1.1224489795918366,5.0,3.8775510204081636
Local Completo,2026-09-21 12:24:37,vqe_indep_4_mqt.py,6,49,6,0.6122448979591837,5.0,4.387755102040816
Local Completo,2026-09-21 12:24:37,simon_vq.py,11,49,6,1.1224489795918366,5.0,3.8775510204081636
Local Completo,2026-09-21 12:24:37,3_17tc_vq.py,6,49,6,0.6122448979591837,5.0,4.387755102040816
Local Completo,2026-09-21 12:24:48,qwalk-v-chain_5_mqt.py,9,52,8,0.8653846153846154,5.0,4.134615384615385
Local Completo,2026-09-21 12:24:48,grover-noancilla_3_mqt.py,5,52,8,0.4807692307692308,5.0,4.519230769230769
Local Completo,2026-09-21 12:24:48,qft_4_mqt.py,7,52,8,0.673076923076923,5.0,4.326923076923077
Local Completo,2026-09-21 12:24:48,grover-v-chain_3_mqt.py,5,52,8,0.4807692307692308,5.0,4.519230769230769
Local Completo,2026-09-21 12:24:48,bv_5_vq.py,10,52,8,0.9615384615384616,5.0,4.038461538461538
Local Completo,2026-09-21 12:24:48,shor_mod15_mqt.py,9,52,8,0.8653846153846154,5.0,4.134615384615385
Local Completo,2026-09-21 12:24:48,qft_2_mqt.py,3,52,8,0.2884615384615385,5.0,4.711538461538462
Local Completo,2026-09-21 12:24:48,qft_2_mqt.py,4,52,8,0.38461538461538464,5.0,4.615384615384615
Local Completo,2026-09-21 12:24:55,grover_9_vq.py,12,54,7,1.1111111111111112,5.0,3.888888888888889
Local Completo,2026-09-21 12:24:55,qft_3_vq.py,5,54,7,0.4629629629629629,5.0,4.537037037037037
Local Completo,2026-09-21 12:24:55,pe_4_mqt.py,7,54,7,0.6481481481481481,5.0,4.351851851851852
Local Completo,2026-09-21 12:24:55,qwalk-v-chain_3_mqt.py,6,54,7,0.5555555555555556,5.0,4.444444444444445
Local Completo,2026-09-21 12:24:55,tsp_indep_5_mqt.py,7,54,7,0.6481481481481481,5.0,4.351851851851852
Local Completo,2026-09-21 12:24:55,dj_indep_7_mqt.py,13,54,7,1.2037037037037037,5.0,3.7962962962962963
Local Completo,2026-09-21 12:24:55,pe_2_vq.py,4,54,7,0.37037037037037035,5.0,4.62962962962963
Local Completo,2026-09-21 12:25:01,tsp_indep_4_mqt.py,5,49,8,0.5102040816326531,5.0,4.489795918367347
Local Completo,2026-09-21 12:25:01,grover-noancilla_4_mqt.py,7,49,8,0.7142857142857142,5.0,4.285714285714286
Local Completo,2026-09-21 12:25:01,3_17tc_vq.py,5,49,8,0.5102040816326531,5.0,4.489795918367347
Local Completo,2026-09-21 12:25:01,su2_5_vq.py,7,49,8,0.7142857142857142,5.0,4.285714285714286
Local Completo,2026-09-21 12:25:01,bv_4_vq.py,7,49,8,0.7142857142857142,5.0,4.285714285714286
Local Completo,2026-09-21 12:25:01,bv_3_vq.py,7,49,8,0.7142857142857142,5.0,4.285714285714286
Local Completo,2026-09-21 12:25:01,bv_2_vq.py,3,49,8,0.30612244897959184,5.0,4.6938775510204085
Local Completo,2026-09-21 12:25:01,qaoa_indep_4_mqt.py,8,49,8,0.8163265306122448,5.0,4.183673469387755
Local Completo,2026-09-21 12:25:06,adder_n4_vq.py,5,5,1,5.0,5.0,0.0
Local Completo,2026-09-21 12:25:07,grover-v-chain_4_mqt.py,7,48,5,0.7291666666666667,5.0,4.270833333333333
Local Completo,2026-09-21 12:25:07,grover_7_vq.py,10,48,5,1.0416666666666667,5.0,3.958333333333333
Local Completo,2026-09-21 12:25:07,pe_5_mqt.py,10,48,5,1.0416666666666667,5.0,3.958333333333333
Local Completo,2026-09-21 12:25:07,bv_9_vq.py,15,48,5,1.5625,5.0,3.4375
Local Completo,2026-09-21 12:25:07,pe_4_mqt.py,6,48,5,0.625,5.0,4.375
Local Completo,2026-09-21 12:25:11,shor_mod15_mqt.py,9,41,5,1.0975609756097562,5.0,3.902439024390244
Local Completo,2026-09-21 12:25:11,tsp_indep_5_mqt.py,8,41,5,0.975609756097561,5.0,4.024390243902439
Local Completo,2026-09-21 12:25:11,bv_5_vq.py,10,41,5,1.2195121951219512,5.0,3.7804878048780486
Local Completo,2026-09-21 12:25:11,adder_n4_vq.py,7,41,5,0.853658536585366,5.0,4.146341463414634
Local Completo,2026-09-21 12:25:11,qft_3_vq.py,7,41,5,0.853658536585366,5.0,4.146341463414634
Local Completo,2026-09-21 12:25:15,qwalk-v-chain_3_mqt.py,4,56,8,0.3571428571428571,5.0,4.642857142857143
Local Completo,2026-09-21 12:25:15,pe_5_vq.py,9,56,8,0.8035714285714286,5.0,4.196428571428571
Local Completo,2026-09-21 12:25:15,bv_3_vq.py,5,56,8,0.44642857142857145,5.0,4.553571428571429
Local Completo,2026-09-21 12:25:15,qaoa_indep_3_mqt.py,6,56,8,0.5357142857142857,5.0,4.464285714285714
Local Completo,2026-09-21 12:25:15,pe_6_vq.py,10,56,8,0.8928571428571429,5.0,4.107142857142857
Local Completo,2026-09-21 12:25:15,su2random_3_mqt.py,4,56,8,0.3571428571428571,5.0,4.642857142857143
Local Completo,2026-09-21 12:25:15,grover_7_vq.py,13,56,8,1.1607142857142858,5.0,3.8392857142857144
Local Completo,2026-09-21 12:25:15,qaoa_indep_3_mqt.py,5,56,8,0.44642857142857145,5.0,4.553571428571429
Local Completo,2026-09-21 12:25:20,grover-noancilla_3_mqt.py,4,55,7,0.36363636363636365,5.0,4.636363636363637
Local Completo,2026-09-21 12:25:20,qwalk-v-chain_5_mqt.py,9,55,7,0.8181818181818181,5.0,4.181818181818182
Local Completo,2026-09-21 12:25:20,qaoa_indep_5_mqt.py,8,55,7,0.7272727272727273,5.0,4.2727272727272725
Local Completo,2026-09-21 12:25:20,pe_5_vq.py,9,55,7,0.8181818181818181,5.0,4.181818181818182
Local Completo,2026-09-21 12:25:20,pe_5_mqt.py,10,55,7,0.9090909090909092,5.0,4.090909090909091
Local Completo,2026-09-21 12:25:20,su2random_3_mqt.py,7,55,7,0.6363636363636362,5.0,4.363636363636363
Local Completo,2026-09-21 12:25:20,su2_5_vq.py,8,55,7,0.7272727272727273,5.0,4.2727272727272725
Local Completo,2026-09-21 12:25:24,qft_6_mqt.py,10,38,4,1.3157894736842104,5.0,3.6842105263157894
Local Completo,2026-09-21 12:25:24,vqe_indep_5_mqt.py,8,38,4,1.0526315789473684,5.0,3.947368421052632
Local Completo,2026-09-21 12:25:24,kickback_7_vq.py,13,38,4,1.7105263157894737,5.0,3.2894736842105265
Local Completo,2026-09-21 12:25:24,pe_2_vq.py,7,38,4,0.9210526315789473,5.0,4.078947368421053
Local Completo,2026-09-21 12:25:28,vqe_indep_4_mqt.py,5,21,3,1.1904761904761905,5.0,3.8095238095238093
Local Completo,2026-09-21 12:25:28,adder_n7_vq.py,11,21,3,2.619047619047619,5.0,2.380952380952381
Local Completo,2026-09-21 12:25:28,pe_3_mqt.py,5,21,3,1.1904761904761905,5.0,3.8095238095238093
Local Completo,2026-09-21 12:25:29,adder_n10_vq.py,17,31,3,2.7419354838709675,5.0,2.2580645161290325
Local Completo,2026-09-21 12:25:29,pe_3_mqt.py,7,31,3,1.129032258064516,5.0,3.870967741935484
Local Completo,2026-09-21 12:25:29,grover-v-chain_3_mqt.py,7,31,3,1.129032258064516,5.0,3.870967741935484
Local Completo,2026-09-21 12:25:33,dj_indep_7_mqt.py,11,62,7,0.8870967741935485,5.0,4.112903225806452
Local Completo,2026-09-21 12:25:33,bv_9_vq.py,14,62,7,1.129032258064516,5.0,3.870967741935484
Local Completo,2026-09-21 12:25:33,grover_3_vq.py,6,62,7,0.4838709677419355,5.0,4.516129032258064
Local Completo,2026-09-21 12:25:33,grover-noancilla_4_mqt.py,7,62,7,0.564516129032258,5.0,4.435483870967742
Local Completo,2026-09-21 12:25:33,dj_indep_5_mqt.py,10,62,7,0.8064516129032258,5.0,4.193548387096774
Local Completo,2026-09-21 12:25:33,vqe_indep_3_mqt.py,7,62,7,0.564516129032258,5.0,4.435483870967742
Local Completo,2026-09-21 12:25:33,vqe_indep_3_mqt.py,7,62,7,0.564516129032258,5.0,4.435483870967742
Local Completo,2026-09-21 12:25:46,pe_7_mqt.py,11,65,7,0.8461538461538463,5.0,4.153846153846153
Local Completo,2026-09-21 12:25:46,pe_6_mqt.py,9,65,7,0.6923076923076923,5.0,4.3076923076923075
Local Completo,2026-09-21 12:25:46,dj_indep_5_mqt.py,8,65,7,0.6153846153846154,5.0,4.384615384615385
Local Completo,2026-09-21 12:25:46,grover_9_vq.py,15,65,7,1.153846153846154,5.0,3.846153846153846
Local Completo,2026-09-21 12:25:46,vqe_indep_5_mqt.py,9,65,7,0.6923076923076923,5.0,4.3076923076923075
Local Completo,2026-09-21 12:25:46,qaoa_indep_4_mqt.py,6,65,7,0.46153846153846156,5.0,4.538461538461538
Local Completo,2026-09-21 12:25:46,qft_3_mqt.py,7,65,7,0.5384615384615385,5.0,4.461538461538462
Local Completo,2026-09-21 12:25:51,adder_n7_vq.py,11,57,5,0.9649122807017543,5.0,4.035087719298246
Local Completo,2026-09-21 12:25:51,pe_6_mqt.py,9,57,5,0.7894736842105263,5.0,4.2105263157894735
Local Completo,2026-09-21 12:25:51,qft_4_mqt.py,7,57,5,0.6140350877192982,5.0,4.385964912280702
Local Completo,2026-09-21 12:25:51,adder_n10_vq.py,17,57,5,1.4912280701754386,5.0,3.5087719298245617
Local Completo,2026-09-21 12:25:51,pe_7_mqt.py,13,57,5,1.1403508771929824,5.0,3.8596491228070176
Local Completo,2026-09-21 12:25:55,dj_indep_4_mqt.py,5,16,2,1.5625,5.0,3.4375
Local Completo,2026-09-21 12:25:55,qft_7_vq.py,11,16,2,3.4375,5.0,1.5625
Local DD,2026-09-21 12:31:42,tsp_indep_4_mqt.py,5,40,8,0.625,5.0,4.375
Local DD,2026-09-21 12:31:42,qft_3_vq.py,4,40,8,0.5,5.0,4.5
Local DD,2026-09-21 12:31:42,shor_mod21_mqt.py,9,40,8,1.125,5.0,3.875
Local DD,2026-09-21 12:31:42,qwalk-noancilla_3_mqt.py,4,40,8,0.5,5.0,4.5
Local DD,2026-09-21 12:31:42,tsp_indep_4_mqt.py,5,40,8,0.625,5.0,4.375
Local DD,2026-09-21 12:31:42,pe_4_mqt.py,5,40,8,0.625,5.0,4.375
Local DD,2026-09-21 12:31:42,qft_4_mqt.py,5,40,8,0.625,5.0,4.375
Local DD,2026-09-21 12:31:42,bv_2_vq.py,3,40,8,0.375,5.0,4.625
Local DD,2026-09-21 12:31:46,grover-v-chain_3_mqt.py,4,44,8,0.4545454545454546,5.0,4.545454545454545
Local DD,2026-09-21 12:31:46,bv_5_vq.py,6,44,8,0.6818181818181818,5.0,4.318181818181818
Local DD,2026-09-21 12:31:46,grover-v-chain_4_mqt.py,5,44,8,0.5681818181818181,5.0,4.431818181818182
Local DD,2026-09-21 12:31:46,simon_vq.py,7,44,8,0.7954545454545454,5.0,4.204545454545455
Local DD,2026-09-21 12:31:46,pe_6_vq.py,8,44,8,0.9090909090909092,5.0,4.090909090909091
Local DD,2026-09-21 12:31:46,tsp_indep_5_mqt.py,6,44,8,0.6818181818181818,5.0,4.318181818181818
Local DD,2026-09-21 12:31:46,3_17tc_vq.py,4,44,8,0.4545454545454546,5.0,4.545454545454545
Local DD,2026-09-21 12:31:46,grover_3_vq.py,4,44,8,0.4545454545454546,5.0,4.545454545454545
Local DD,2026-09-21 12:31:50,qft_6_mqt.py,7,37,5,0.945945945945946,5.0,4.054054054054054
Local DD,2026-09-21 12:31:50,qaoa_indep_5_mqt.py,6,37,5,0.8108108108108109,5.0,4.1891891891891895
Local DD,2026-09-21 12:31:50,dj_indep_7_mqt.py,8,37,5,1.0810810810810811,5.0,3.918918918918919
Local DD,2026-09-21 12:31:50,bv_9_vq.py,10,37,5,1.3513513513513513,5.0,3.6486486486486487
Local DD,2026-09-21 12:31:50,shor_mod15_mqt.py,6,37,5,0.8108108108108109,5.0,4.1891891891891895
Local DD,2026-09-21 12:31:53,pe_6_mqt.py,7,40,8,0.875,5.0,4.125
Local DD,2026-09-21 12:31:53,adder_n4_vq.py,5,40,8,0.625,5.0,4.375
Local DD,2026-09-21 12:31:53,su2random_3_mqt.py,4,40,8,0.5,5.0,4.5
Local DD,2026-09-21 12:31:53,simon_vq.py,7,40,8,0.875,5.0,4.125
Local DD,2026-09-21 12:31:53,qaoa_indep_3_mqt.py,4,40,8,0.5,5.0,4.5
Local DD,2026-09-21 12:31:53,vqe_indep_4_mqt.py,5,40,8,0.625,5.0,4.375
Local DD,2026-09-21 12:31:53,pe_3_mqt.py,4,40,8,0.5,5.0,4.5
Local DD,2026-09-21 12:31:53,grover-noancilla_3_mqt.py,4,40,8,0.5,5.0,4.5
Local DD,2026-09-21 12:31:57,qft_7_vq.py,8,40,7,1.0,5.0,4.0
Local DD,2026-09-21 12:31:57,pe_2_vq.py,4,40,7,0.5,5.0,4.5
Local DD,2026-09-21 12:31:57,qwalk-noancilla_3_mqt.py,4,40,7,0.5,5.0,4.5
Local DD,2026-09-21 12:31:57,pe_5_vq.py,7,40,7,0.875,5.0,4.125
Local DD,2026-09-21 12:31:57,qft_3_mqt.py,4,40,7,0.5,5.0,4.5
Local DD,2026-09-21 12:31:57,qwalk-v-chain_3_mqt.py,4,40,7,0.5,5.0,4.5
Local DD,2026-09-21 12:31:57,shor_mod21_mqt.py,9,40,7,1.125,5.0,3.875
Local DD,2026-09-21 12:32:01,tsp_indep_5_mqt.py,6,51,10,0.5882352941176471,5.0,4.411764705882353
Local DD,2026-09-21 12:32:01,grover-noancilla_4_mqt.py,5,51,10,0.49019607843137253,5.0,4.509803921568627
Local DD,2026-09-21 12:32:01,bv_4_vq.py,5,51,10,0.49019607843137253,5.0,4.509803921568627
Local DD,2026-09-21 12:32:01,dj_indep_4_mqt.py,5,51,10,0.49019607843137253,5.0,4.509803921568627
Local DD,2026-09-21 12:32:01,grover_9_vq.py,10,51,10,0.9803921568627451,5.0,4.019607843137255
Local DD,2026-09-21 12:32:01,bv_3_vq.py,4,51,10,0.39215686274509803,5.0,4.607843137254902
Local DD,2026-09-21 12:32:01,qwalk-v-chain_3_mqt.py,4,51,10,0.39215686274509803,5.0,4.607843137254902
Local DD,2026-09-21 12:32:01,3_17tc_vq.py,4,51,10,0.39215686274509803,5.0,4.607843137254902
Local DD,2026-09-21 12:32:01,qft_2_mqt.py,3,51,10,0.29411764705882354,5.0,4.705882352941177
Local DD,2026-09-21 12:32:01,su2_5_vq.py,5,51,10,0.49019607843137253,5.0,4.509803921568627
Local DD,2026-09-21 12:32:05,kickback_7_vq.py,8,39,6,1.0256410256410255,5.0,3.9743589743589745
Local DD,2026-09-21 12:32:05,qwalk-v-chain_5_mqt.py,6,39,6,0.7692307692307693,5.0,4.230769230769231
Local DD,2026-09-21 12:32:05,qwalk-v-chain_5_mqt.py,6,39,6,0.7692307692307693,5.0,4.230769230769231
Local DD,2026-09-21 12:32:05,grover_7_vq.py,8,39,6,1.0256410256410255,5.0,3.9743589743589745
Local DD,2026-09-21 12:32:05,su2_5_vq.py,5,39,6,0.641025641025641,5.0,4.3589743589743595
Local DD,2026-09-21 12:32:05,pe_5_mqt.py,6,39,6,0.7692307692307693,5.0,4.230769230769231
Local DD,2026-09-21 12:32:08,vqe_indep_4_mqt.py,5,44,10,0.5681818181818181,5.0,4.431818181818182
Local DD,2026-09-21 12:32:08,qaoa_indep_3_mqt.py,4,44,10,0.4545454545454546,5.0,4.545454545454545
Local DD,2026-09-21 12:32:08,grover-noancilla_3_mqt.py,4,44,10,0.4545454545454546,5.0,4.545454545454545
Local DD,2026-09-21 12:32:08,pe_3_mqt.py,4,44,10,0.4545454545454546,5.0,4.545454545454545
Local DD,2026-09-21 12:32:08,dj_indep_4_mqt.py,5,44,10,0.5681818181818181,5.0,4.431818181818182
Local DD,2026-09-21 12:32:08,grover-v-chain_4_mqt.py,5,44,10,0.5681818181818181,5.0,4.431818181818182
Local DD,2026-09-21 12:32:08,bv_3_vq.py,4,44,10,0.4545454545454546,5.0,4.545454545454545
Local DD,2026-09-21 12:32:08,grover-noancilla_4_mqt.py,5,44,10,0.5681818181818181,5.0,4.431818181818182
Local DD,2026-09-21 12:32:08,adder_n4_vq.py,5,44,10,0.5681818181818181,5.0,4.431818181818182
Local DD,2026-09-21 12:32:08,bv_2_vq.py,3,44,10,0.3409090909090909,5.0,4.659090909090909
Local DD,2026-09-21 12:32:12,shor_mod15_mqt.py,6,51,9,0.5882352941176471,5.0,4.411764705882353
Local DD,2026-09-21 12:32:12,pe_6_mqt.py,7,51,9,0.6862745098039216,5.0,4.313725490196078
Local DD,2026-09-21 12:32:12,pe_5_mqt.py,6,51,9,0.5882352941176471,5.0,4.411764705882353
Local DD,2026-09-21 12:32:12,grover_9_vq.py,10,51,9,0.9803921568627451,5.0,4.019607843137255
Local DD,2026-09-21 12:32:12,qft_3_mqt.py,4,51,9,0.39215686274509803,5.0,4.607843137254902
Local DD,2026-09-21 12:32:12,qft_3_vq.py,4,51,9,0.39215686274509803,5.0,4.607843137254902
Local DD,2026-09-21 12:32:12,su2random_3_mqt.py,4,51,9,0.39215686274509803,5.0,4.607843137254902
Local DD,2026-09-21 12:32:12,qaoa_indep_4_mqt.py,5,51,9,0.49019607843137253,5.0,4.509803921568627
Local DD,2026-09-21 12:32:12,qaoa_indep_4_mqt.py,5,51,9,0.49019607843137253,5.0,4.509803921568627
Local DD,2026-09-21 12:32:16,bv_5_vq.py,6,48,8,0.625,5.0,4.375
Local DD,2026-09-21 12:32:16,grover_7_vq.py,8,48,8,0.8333333333333333,5.0,4.166666666666667
Local DD,2026-09-21 12:32:16,dj_indep_7_mqt.py,8,48,8,0.8333333333333333,5.0,4.166666666666667
Local DD,2026-09-21 12:32:16,bv_9_vq.py,10,48,8,1.0416666666666667,5.0,3.958333333333333
Local DD,2026-09-21 12:32:16,vqe_indep_3_mqt.py,4,48,8,0.41666666666666663,5.0,4.583333333333333
Local DD,2026-09-21 12:32:16,qft_2_mqt.py,3,48,8,0.3125,5.0,4.6875
Local DD,2026-09-21 12:32:16,pe_4_mqt.py,5,48,8,0.5208333333333334,5.0,4.479166666666667
Local DD,2026-09-21 12:32:16,pe_2_vq.py,4,48,8,0.41666666666666663,5.0,4.583333333333333
Local DD,2026-09-21 12:32:20,adder_n10_vq.py,11,45,6,1.222222222222222,5.0,3.7777777777777777
Local DD,2026-09-21 12:32:20,qaoa_indep_5_mqt.py,6,45,6,0.6666666666666666,5.0,4.333333333333333
Local DD,2026-09-21 12:32:20,dj_indep_5_mqt.py,6,45,6,0.6666666666666666,5.0,4.333333333333333
Local DD,2026-09-21 12:32:20,adder_n7_vq.py,8,45,6,0.888888888888889,5.0,4.111111111111111
Local DD,2026-09-21 12:32:20,adder_n7_vq.py,8,45,6,0.888888888888889,5.0,4.111111111111111
Local DD,2026-09-21 12:32:20,vqe_indep_5_mqt.py,6,45,6,0.6666666666666666,5.0,4.333333333333333
Local DD,2026-09-21 12:32:23,adder_n10_vq.py,11,43,6,1.2790697674418605,5.0,3.7209302325581395
Local DD,2026-09-21 12:32:23,vqe_indep_5_mqt.py,6,43,6,0.6976744186046512,5.0,4.3023255813953485
Local DD,2026-09-21 12:32:23,qft_7_vq.py,8,43,6,0.9302325581395349,5.0,4.069767441860465
Local DD,2026-09-21 12:32:23,kickback_7_vq.py,8,43,6,0.9302325581395349,5.0,4.069767441860465
Local DD,2026-09-21 12:32:23,dj_indep_5_mqt.py,6,43,6,0.6976744186046512,5.0,4.3023255813953485
Local DD,2026-09-21 12:32:23,grover_3_vq.py,4,43,6,0.46511627906976744,5.0,4.534883720930233
Local DD,2026-09-21 12:32:27,pe_7_mqt.py,8,48,8,0.8333333333333333,5.0,4.166666666666667
Local DD,2026-09-21 12:32:27,pe_5_vq.py,7,48,8,0.7291666666666667,5.0,4.270833333333333
Local DD,2026-09-21 12:32:27,qft_4_mqt.py,5,48,8,0.5208333333333334,5.0,4.479166666666667
Local DD,2026-09-21 12:32:27,qft_6_mqt.py,7,48,8,0.7291666666666667,5.0,4.270833333333333
Local DD,2026-09-21 12:32:27,pe_6_vq.py,8,48,8,0.8333333333333333,5.0,4.166666666666667
Local DD,2026-09-21 12:32:27,grover-v-chain_3_mqt.py,4,48,8,0.41666666666666663,5.0,4.583333333333333
Local DD,2026-09-21 12:32:27,bv_4_vq.py,5,48,8,0.5208333333333334,5.0,4.479166666666667
Local DD,2026-09-21 12:32:27,vqe_indep_3_mqt.py,4,48,8,0.41666666666666663,5.0,4.583333333333333
Local DD,2026-09-21 12:32:31,pe_7_mqt.py,8,8,1,5.0,5.0,0.0
Local Robust,2026-09-21 13:06:26,grover-noancilla_4_mqt.py,5,41,7,0.6097560975609756,5.0,4.390243902439025
Local Robust,2026-09-21 13:06:26,grover_3_vq.py,4,41,7,0.4878048780487805,5.0,4.512195121951219
Local Robust,2026-09-21 13:06:26,vqe_indep_4_mqt.py,5,41,7,0.6097560975609756,5.0,4.390243902439025
Local Robust,2026-09-21 13:06:26,kickback_7_vq.py,8,41,7,0.975609756097561,5.0,4.024390243902439
Local Robust,2026-09-21 13:06:26,qft_7_vq.py,8,41,7,0.975609756097561,5.0,4.024390243902439
Local Robust,2026-09-21 13:06:26,simon_vq.py,7,41,7,0.853658536585366,5.0,4.146341463414634
Local Robust,2026-09-21 13:06:26,qft_3_mqt.py,4,41,7,0.4878048780487805,5.0,4.512195121951219
Local Robust,2026-09-21 13:06:30,grover_7_vq.py,8,48,8,0.8333333333333333,5.0,4.166666666666667
Local Robust,2026-09-21 13:06:30,qwalk-noancilla_3_mqt.py,4,48,8,0.41666666666666663,5.0,4.583333333333333
Local Robust,2026-09-21 13:06:30,bv_5_vq.py,6,48,8,0.625,5.0,4.375
Local Robust,2026-09-21 13:06:30,qwalk-v-chain_5_mqt.py,6,48,8,0.625,5.0,4.375
Local Robust,2026-09-21 13:06:30,dj_indep_7_mqt.py,8,48,8,0.8333333333333333,5.0,4.166666666666667
Local Robust,2026-09-21 13:06:30,simon_vq.py,7,48,8,0.7291666666666667,5.0,4.270833333333333
Local Robust,2026-09-21 13:06:30,qft_4_mqt.py,5,48,8,0.5208333333333334,5.0,4.479166666666667
Local Robust,2026-09-21 13:06:30,grover-v-chain_3_mqt.py,4,48,8,0.41666666666666663,5.0,4.583333333333333
Local Robust,2026-09-21 13:06:34,qft_3_vq.py,4,44,8,0.4545454545454546,5.0,4.545454545454545
Local Robust,2026-09-21 13:06:34,tsp_indep_5_mqt.py,6,44,8,0.6818181818181818,5.0,4.318181818181818
Local Robust,2026-09-21 13:06:34,qwalk-v-chain_3_mqt.py,4,44,8,0.4545454545454546,5.0,4.545454545454545
Local Robust,2026-09-21 13:06:34,grover-v-chain_4_mqt.py,5,44,8,0.5681818181818181,5.0,4.431818181818182
Local Robust,2026-09-21 13:06:34,grover_9_vq.py,10,44,8,1.1363636363636362,5.0,3.8636363636363638
Local Robust,2026-09-21 13:06:34,dj_indep_4_mqt.py,5,44,8,0.5681818181818181,5.0,4.431818181818182
Local Robust,2026-09-21 13:06:34,adder_n4_vq.py,5,44,8,0.5681818181818181,5.0,4.431818181818182
Local Robust,2026-09-21 13:06:34,bv_4_vq.py,5,44,8,0.5681818181818181,5.0,4.431818181818182
Local Robust,2026-09-21 13:06:39,su2_5_vq.py,5,37,6,0.6756756756756757,5.0,4.324324324324325
Local Robust,2026-09-21 13:06:39,bv_9_vq.py,10,37,6,1.3513513513513513,5.0,3.6486486486486487
Local Robust,2026-09-21 13:06:39,pe_5_vq.py,7,37,6,0.945945945945946,5.0,4.054054054054054
Local Robust,2026-09-21 13:06:39,pe_4_mqt.py,5,37,6,0.6756756756756757,5.0,4.324324324324325
Local Robust,2026-09-21 13:06:39,qaoa_indep_5_mqt.py,6,37,6,0.8108108108108109,5.0,4.1891891891891895
Local Robust,2026-09-21 13:06:39,bv_3_vq.py,4,37,6,0.5405405405405406,5.0,4.45945945945946
Local Robust,2026-09-21 13:06:43,pe_6_mqt.py,7,37,7,0.945945945945946,5.0,4.054054054054054
Local Robust,2026-09-21 13:06:43,tsp_indep_5_mqt.py,6,37,7,0.8108108108108109,5.0,4.1891891891891895
Local Robust,2026-09-21 13:06:43,pe_2_vq.py,4,37,7,0.5405405405405406,5.0,4.45945945945946
Local Robust,2026-09-21 13:06:43,3_17tc_vq.py,4,37,7,0.5405405405405406,5.0,4.45945945945946
Local Robust,2026-09-21 13:06:43,pe_5_mqt.py,6,37,7,0.8108108108108109,5.0,4.1891891891891895
Local Robust,2026-09-21 13:06:43,pe_3_mqt.py,4,37,7,0.5405405405405406,5.0,4.45945945945946
Local Robust,2026-09-21 13:06:43,shor_mod15_mqt.py,6,37,7,0.8108108108108109,5.0,4.1891891891891895
Local Robust,2026-09-21 13:06:47,tsp_indep_4_mqt.py,5,48,10,0.5208333333333334,5.0,4.479166666666667
Local Robust,2026-09-21 13:06:47,qft_2_mqt.py,3,48,10,0.3125,5.0,4.6875
Local Robust,2026-09-21 13:06:47,qaoa_indep_3_mqt.py,4,48,10,0.41666666666666663,5.0,4.583333333333333
Local Robust,2026-09-21 13:06:47,qwalk-noancilla_3_mqt.py,4,48,10,0.41666666666666663,5.0,4.583333333333333
Local Robust,2026-09-21 13:06:47,qwalk-v-chain_3_mqt.py,4,48,10,0.41666666666666663,5.0,4.583333333333333
Local Robust,2026-09-21 13:06:47,grover-noancilla_3_mqt.py,4,48,10,0.41666666666666663,5.0,4.583333333333333
Local Robust,2026-09-21 13:06:47,shor_mod21_mqt.py,9,48,10,0.9375,5.0,4.0625
Local Robust,2026-09-21 13:06:47,shor_mod21_mqt.py,9,48,10,0.9375,5.0,4.0625
Local Robust,2026-09-21 13:06:47,bv_2_vq.py,3,48,10,0.3125,5.0,4.6875
Local Robust,2026-09-21 13:06:47,qft_2_mqt.py,3,48,10,0.3125,5.0,4.6875
Local Robust,2026-09-21 13:06:51,qft_6_mqt.py,7,24,4,1.4583333333333335,5.0,3.5416666666666665
Local Robust,2026-09-21 13:06:51,su2random_3_mqt.py,4,24,4,0.8333333333333333,5.0,4.166666666666667
Local Robust,2026-09-21 13:06:51,tsp_indep_4_mqt.py,5,24,4,1.0416666666666667,5.0,3.958333333333333
Local Robust,2026-09-21 13:06:51,pe_6_vq.py,8,24,4,1.6666666666666665,5.0,3.3333333333333335
Local Robust,2026-09-21 13:06:52,su2random_3_mqt.py,4,11,3,1.8181818181818183,5.0,3.1818181818181817
Local Robust,2026-09-21 13:06:52,3_17tc_vq.py,4,11,3,1.8181818181818183,5.0,3.1818181818181817
Local Robust,2026-09-21 13:06:52,bv_2_vq.py,3,11,3,1.3636363636363635,5.0,3.6363636363636367
Local Robust,2026-09-21 13:06:55,qft_6_mqt.py,7,40,8,0.875,5.0,4.125
Local Robust,2026-09-21 13:06:55,bv_4_vq.py,5,40,8,0.625,5.0,4.375
Local Robust,2026-09-21 13:06:55,shor_mod15_mqt.py,6,40,8,0.75,5.0,4.25
Local Robust,2026-09-21 13:06:55,pe_4_mqt.py,5,40,8,0.625,5.0,4.375
Local Robust,2026-09-21 13:06:55,grover-v-chain_4_mqt.py,5,40,8,0.625,5.0,4.375
Local Robust,2026-09-21 13:06:55,pe_2_vq.py,4,40,8,0.5,5.0,4.5
Local Robust,2026-09-21 13:06:55,qft_3_mqt.py,4,40,8,0.5,5.0,4.5
Local Robust,2026-09-21 13:06:55,pe_3_mqt.py,4,40,8,0.5,5.0,4.5
Local Robust,2026-09-21 13:06:59,qft_7_vq.py,8,45,7,0.888888888888889,5.0,4.111111111111111
Local Robust,2026-09-21 13:06:59,kickback_7_vq.py,8,45,7,0.888888888888889,5.0,4.111111111111111
Local Robust,2026-09-21 13:06:59,bv_5_vq.py,6,45,7,0.6666666666666666,5.0,4.333333333333333
Local Robust,2026-09-21 13:06:59,grover_7_vq.py,8,45,7,0.888888888888889,5.0,4.111111111111111
Local Robust,2026-09-21 13:06:59,qwalk-v-chain_5_mqt.py,6,45,7,0.6666666666666666,5.0,4.333333333333333
Local Robust,2026-09-21 13:06:59,qft_3_vq.py,4,45,7,0.4444444444444445,5.0,4.555555555555555
Local Robust,2026-09-21 13:06:59,adder_n4_vq.py,5,45,7,0.5555555555555556,5.0,4.444444444444445
Local Robust,2026-09-21 13:07:04,grover_9_vq.py,10,47,7,1.0638297872340425,5.0,3.9361702127659575
Local Robust,2026-09-21 13:07:04,bv_9_vq.py,10,47,7,1.0638297872340425,5.0,3.9361702127659575
Local Robust,2026-09-21 13:07:04,qaoa_indep_3_mqt.py,4,47,7,0.425531914893617,5.0,4.574468085106383
Local Robust,2026-09-21 13:07:04,dj_indep_4_mqt.py,5,47,7,0.5319148936170213,5.0,4.468085106382979
Local Robust,2026-09-21 13:07:04,pe_6_vq.py,8,47,7,0.851063829787234,5.0,4.148936170212766
Local Robust,2026-09-21 13:07:04,qaoa_indep_5_mqt.py,6,47,7,0.6382978723404255,5.0,4.361702127659575
Local Robust,2026-09-21 13:07:04,grover-noancilla_3_mqt.py,4,47,7,0.425531914893617,5.0,4.574468085106383
Local Robust,2026-09-21 13:07:09,qaoa_indep_4_mqt.py,5,38,8,0.6578947368421052,5.0,4.342105263157895
Local Robust,2026-09-21 13:07:09,pe_5_mqt.py,6,38,8,0.7894736842105263,5.0,4.2105263157894735
Local Robust,2026-09-21 13:07:09,qft_4_mqt.py,5,38,8,0.6578947368421052,5.0,4.342105263157895
Local Robust,2026-09-21 13:07:09,grover-noancilla_4_mqt.py,5,38,8,0.6578947368421052,5.0,4.342105263157895
Local Robust,2026-09-21 13:07:09,su2_5_vq.py,5,38,8,0.6578947368421052,5.0,4.342105263157895
Local Robust,2026-09-21 13:07:09,grover_3_vq.py,4,38,8,0.5263157894736842,5.0,4.473684210526316
Local Robust,2026-09-21 13:07:09,vqe_indep_3_mqt.py,4,38,8,0.5263157894736842,5.0,4.473684210526316
Local Robust,2026-09-21 13:07:09,bv_3_vq.py,4,38,8,0.5263157894736842,5.0,4.473684210526316
Local Robust,2026-09-21 13:07:44,dj_indep_7_mqt.py,8,44,6,0.9090909090909092,5.0,4.090909090909091
Local Robust,2026-09-21 13:07:44,pe_6_mqt.py,7,44,6,0.7954545454545454,5.0,4.204545454545455
Local Robust,2026-09-21 13:07:44,adder_n7_vq.py,8,44,6,0.9090909090909092,5.0,4.090909090909091
Local Robust,2026-09-21 13:07:44,adder_n10_vq.py,11,44,6,1.25,5.0,3.75
Local Robust,2026-09-21 13:07:44,dj_indep_5_mqt.py,6,44,6,0.6818181818181818,5.0,4.318181818181818
Local Robust,2026-09-21 13:07:44,grover-v-chain_3_mqt.py,4,44,6,0.4545454545454546,5.0,4.545454545454545
Local Robust,2026-09-21 13:07:48,vqe_indep_4_mqt.py,5,42,7,0.5952380952380952,5.0,4.404761904761905
Local Robust,2026-09-21 13:07:48,pe_5_vq.py,7,42,7,0.8333333333333333,5.0,4.166666666666667
Local Robust,2026-09-21 13:07:48,vqe_indep_5_mqt.py,6,42,7,0.7142857142857142,5.0,4.285714285714286
Local Robust,2026-09-21 13:07:48,vqe_indep_5_mqt.py,6,42,7,0.7142857142857142,5.0,4.285714285714286
Local Robust,2026-09-21 13:07:48,adder_n7_vq.py,8,42,7,0.9523809523809523,5.0,4.0476190476190474
Local Robust,2026-09-21 13:07:48,vqe_indep_3_mqt.py,4,42,7,0.47619047619047616,5.0,4.523809523809524
Local Robust,2026-09-21 13:07:48,dj_indep_5_mqt.py,6,42,7,0.7142857142857142,5.0,4.285714285714286
Local Robust,2026-09-21 13:07:52,qaoa_indep_4_mqt.py,5,32,4,0.78125,5.0,4.21875
Local Robust,2026-09-21 13:07:52,pe_7_mqt.py,8,32,4,1.25,5.0,3.75
Local Robust,2026-09-21 13:07:52,pe_7_mqt.py,8,32,4,1.25,5.0,3.75
Local Robust,2026-09-21 13:07:52,adder_n10_vq.py,11,32,4,1.71875,5.0,3.28125
Local Standard,2026-09-21 13:11:29,bv_5_vq.py,6,34,6,0.8823529411764707,5.0,4.117647058823529
Local Standard,2026-09-21 13:11:29,qwalk-v-chain_5_mqt.py,6,34,6,0.8823529411764707,5.0,4.117647058823529
Local Standard,2026-09-21 13:11:29,su2random_3_mqt.py,4,34,6,0.5882352941176471,5.0,4.411764705882353
Local Standard,2026-09-21 13:11:29,qft_6_mqt.py,7,34,6,1.0294117647058822,5.0,3.9705882352941178
Local Standard,2026-09-21 13:11:29,pe_6_vq.py,8,34,6,1.1764705882352942,5.0,3.8235294117647056
Local Standard,2026-09-21 13:11:29,qft_2_mqt.py,3,34,6,0.44117647058823534,5.0,4.5588235294117645
Local Standard,2026-09-21 13:11:35,grover_9_vq.py,10,44,6,1.1363636363636362,5.0,3.8636363636363638
Local Standard,2026-09-21 13:11:35,grover-noancilla_4_mqt.py,5,44,6,0.5681818181818181,5.0,4.431818181818182
Local Standard,2026-09-21 13:11:35,shor_mod21_mqt.py,9,44,6,1.0227272727272727,5.0,3.9772727272727275
Local Standard,2026-09-21 13:11:35,adder_n4_vq.py,5,44,6,0.5681818181818181,5.0,4.431818181818182
Local Standard,2026-09-21 13:11:35,simon_vq.py,7,44,6,0.7954545454545454,5.0,4.204545454545455
Local Standard,2026-09-21 13:11:35,grover_7_vq.py,8,44,6,0.9090909090909092,5.0,4.090909090909091
Local Standard,2026-09-21 13:11:42,grover-v-chain_4_mqt.py,5,13,2,1.9230769230769231,5.0,3.0769230769230766
Local Standard,2026-09-21 13:11:42,dj_indep_7_mqt.py,8,13,2,3.076923076923077,5.0,1.923076923076923
Local Standard,2026-09-21 13:11:43,dj_indep_4_mqt.py,5,28,6,0.8928571428571429,5.0,4.107142857142857
Local Standard,2026-09-21 13:11:43,grover-noancilla_3_mqt.py,4,28,6,0.7142857142857142,5.0,4.285714285714286
Local Standard,2026-09-21 13:11:43,qwalk-v-chain_3_mqt.py,4,28,6,0.7142857142857142,5.0,4.285714285714286
Local Standard,2026-09-21 13:11:43,tsp_indep_5_mqt.py,6,28,6,1.0714285714285714,5.0,3.928571428571429
Local Standard,2026-09-21 13:11:43,qaoa_indep_5_mqt.py,6,28,6,1.0714285714285714,5.0,3.928571428571429
Local Standard,2026-09-21 13:11:43,bv_2_vq.py,3,28,6,0.5357142857142857,5.0,4.464285714285714
Local Standard,2026-09-21 13:11:48,simon_vq.py,7,37,8,0.945945945945946,5.0,4.054054054054054
Local Standard,2026-09-21 13:11:48,qwalk-noancilla_3_mqt.py,4,37,8,0.5405405405405406,5.0,4.45945945945946
Local Standard,2026-09-21 13:11:48,grover-v-chain_3_mqt.py,4,37,8,0.5405405405405406,5.0,4.45945945945946
Local Standard,2026-09-21 13:11:48,pe_4_mqt.py,5,37,8,0.6756756756756757,5.0,4.324324324324325
Local Standard,2026-09-21 13:11:48,vqe_indep_4_mqt.py,5,37,8,0.6756756756756757,5.0,4.324324324324325
Local Standard,2026-09-21 13:11:48,qft_3_vq.py,4,37,8,0.5405405405405406,5.0,4.45945945945946
Local Standard,2026-09-21 13:11:48,grover_3_vq.py,4,37,8,0.5405405405405406,5.0,4.45945945945946
Local Standard,2026-09-21 13:11:48,pe_2_vq.py,4,37,8,0.5405405405405406,5.0,4.45945945945946
Local Standard,2026-09-21 13:11:52,bv_4_vq.py,5,22,4,1.1363636363636362,5.0,3.8636363636363638
Local Standard,2026-09-21 13:11:52,qft_3_mqt.py,4,22,4,0.9090909090909092,5.0,4.090909090909091
Local Standard,2026-09-21 13:11:52,tsp_indep_4_mqt.py,5,22,4,1.1363636363636362,5.0,3.8636363636363638
Local Standard,2026-09-21 13:11:52,qft_7_vq.py,8,22,4,1.8181818181818183,5.0,3.1818181818181817
Local Standard,2026-09-21 13:11:53,bv_9_vq.py,10,25,4,2.0,5.0,3.0
Local Standard,2026-09-21 13:11:53,kickback_7_vq.py,8,25,4,1.6,5.0,3.4
Local Standard,2026-09-21 13:11:53,bv_3_vq.py,4,25,4,0.8,5.0,4.2
Local Standard,2026-09-21 13:11:53,bv_2_vq.py,3,25,4,0.6,5.0,4.4
Local Standard,2026-09-21 13:11:57,pe_3_mqt.py,4,47,9,0.425531914893617,5.0,4.574468085106383
Local Standard,2026-09-21 13:11:57,pe_5_mqt.py,6,47,9,0.6382978723404255,5.0,4.361702127659575
Local Standard,2026-09-21 13:11:57,qaoa_indep_3_mqt.py,4,47,9,0.425531914893617,5.0,4.574468085106383
Local Standard,2026-09-21 13:11:57,su2_5_vq.py,5,47,9,0.5319148936170213,5.0,4.468085106382979
Local Standard,2026-09-21 13:11:57,pe_5_vq.py,7,47,9,0.7446808510638298,5.0,4.25531914893617
Local Standard,2026-09-21 13:11:57,qft_4_mqt.py,5,47,9,0.5319148936170213,5.0,4.468085106382979
Local Standard,2026-09-21 13:11:57,shor_mod15_mqt.py,6,47,9,0.6382978723404255,5.0,4.361702127659575
Local Standard,2026-09-21 13:11:57,tsp_indep_5_mqt.py,6,47,9,0.6382978723404255,5.0,4.361702127659575
Local Standard,2026-09-21 13:11:57,3_17tc_vq.py,4,47,9,0.425531914893617,5.0,4.574468085106383
Local Standard,2026-09-21 13:12:03,shor_mod21_mqt.py,9,43,8,1.0465116279069768,5.0,3.953488372093023
Local Standard,2026-09-21 13:12:03,pe_6_mqt.py,7,43,8,0.8139534883720931,5.0,4.186046511627907
Local Standard,2026-09-21 13:12:03,3_17tc_vq.py,4,43,8,0.46511627906976744,5.0,4.534883720930233
Local Standard,2026-09-21 13:12:03,tsp_indep_4_mqt.py,5,43,8,0.5813953488372093,5.0,4.4186046511627906
Local Standard,2026-09-21 13:12:03,qwalk-noancilla_3_mqt.py,4,43,8,0.46511627906976744,5.0,4.534883720930233
Local Standard,2026-09-21 13:12:03,qwalk-v-chain_5_mqt.py,6,43,8,0.6976744186046512,5.0,4.3023255813953485
Local Standard,2026-09-21 13:12:03,su2_5_vq.py,5,43,8,0.5813953488372093,5.0,4.4186046511627906
Local Standard,2026-09-21 13:12:03,qft_2_mqt.py,3,43,8,0.3488372093023256,5.0,4.651162790697675
Local Standard,2026-09-21 13:12:07,qwalk-v-chain_3_mqt.py,4,4,1,5.0,5.0,0.0
Local Standard,2026-09-21 13:12:08,qaoa_indep_4_mqt.py,5,42,9,0.5952380952380952,5.0,4.404761904761905
Local Standard,2026-09-21 13:12:08,qaoa_indep_3_mqt.py,4,42,9,0.47619047619047616,5.0,4.523809523809524
Local Standard,2026-09-21 13:12:08,su2random_3_mqt.py,4,42,9,0.47619047619047616,5.0,4.523809523809524
Local Standard,2026-09-21 13:12:08,vqe_indep_3_mqt.py,4,42,9,0.47619047619047616,5.0,4.523809523809524
Local Standard,2026-09-21 13:12:08,qaoa_indep_5_mqt.py,6,42,9,0.7142857142857142,5.0,4.285714285714286
Local Standard,2026-09-21 13:12:08,vqe_indep_4_mqt.py,5,42,9,0.5952380952380952,5.0,4.404761904761905
Local Standard,2026-09-21 13:12:08,vqe_indep_5_mqt.py,6,42,9,0.7142857142857142,5.0,4.285714285714286
Local Standard,2026-09-21 13:12:08,vqe_indep_3_mqt.py,4,42,9,0.47619047619047616,5.0,4.523809523809524
Local Standard,2026-09-21 13:12:08,bv_3_vq.py,4,42,9,0.47619047619047616,5.0,4.523809523809524
Local Standard,2026-09-21 13:12:11,qaoa_indep_4_mqt.py,5,43,7,0.5813953488372093,5.0,4.4186046511627906
Local Standard,2026-09-21 13:12:11,dj_indep_5_mqt.py,6,43,7,0.6976744186046512,5.0,4.3023255813953485
Local Standard,2026-09-21 13:12:11,vqe_indep_5_mqt.py,6,43,7,0.6976744186046512,5.0,4.3023255813953485
Local Standard,2026-09-21 13:12:11,adder_n10_vq.py,11,43,7,1.2790697674418605,5.0,3.7209302325581395
Local Standard,2026-09-21 13:12:11,dj_indep_5_mqt.py,6,43,7,0.6976744186046512,5.0,4.3023255813953485
Local Standard,2026-09-21 13:12:11,adder_n4_vq.py,5,43,7,0.5813953488372093,5.0,4.4186046511627906
Local Standard,2026-09-21 13:12:11,qft_3_mqt.py,4,43,7,0.46511627906976744,5.0,4.534883720930233
Local Standard,2026-09-21 13:12:15,adder_n7_vq.py,8,49,6,0.8163265306122448,5.0,4.183673469387755
Local Standard,2026-09-21 13:12:15,dj_indep_7_mqt.py,8,49,6,0.8163265306122448,5.0,4.183673469387755
Local Standard,2026-09-21 13:12:15,adder_n10_vq.py,11,49,6,1.1224489795918366,5.0,3.8775510204081636
Local Standard,2026-09-21 13:12:15,bv_9_vq.py,10,49,6,1.0204081632653061,5.0,3.979591836734694
Local Standard,2026-09-21 13:12:15,adder_n7_vq.py,8,49,6,0.8163265306122448,5.0,4.183673469387755
Local Standard,2026-09-21 13:12:15,grover-v-chain_3_mqt.py,4,49,6,0.4081632653061224,5.0,4.591836734693878
Local Standard,2026-09-21 13:12:22,dj_indep_4_mqt.py,5,10,2,2.5,5.0,2.5
Local Standard,2026-09-21 13:12:22,bv_4_vq.py,5,10,2,2.5,5.0,2.5
Local Standard,2026-09-21 13:12:23,kickback_7_vq.py,8,34,6,1.1764705882352942,5.0,3.8235294117647056
Local Standard,2026-09-21 13:12:23,grover-noancilla_3_mqt.py,4,34,6,0.5882352941176471,5.0,4.411764705882353
Local Standard,2026-09-21 13:12:23,pe_4_mqt.py,5,34,6,0.7352941176470589,5.0,4.264705882352941
Local Standard,2026-09-21 13:12:23,pe_6_mqt.py,7,34,6,1.0294117647058822,5.0,3.9705882352941178
Local Standard,2026-09-21 13:12:23,bv_5_vq.py,6,34,6,0.8823529411764707,5.0,4.117647058823529
Local Standard,2026-09-21 13:12:23,pe_3_mqt.py,4,34,6,0.5882352941176471,5.0,4.411764705882353
Local Standard,2026-09-21 13:12:26,pe_5_vq.py,7,42,7,0.8333333333333333,5.0,4.166666666666667
Local Standard,2026-09-21 13:12:26,grover_7_vq.py,8,42,7,0.9523809523809523,5.0,4.0476190476190474
Local Standard,2026-09-21 13:12:26,qft_7_vq.py,8,42,7,0.9523809523809523,5.0,4.0476190476190474
Local Standard,2026-09-21 13:12:26,pe_2_vq.py,4,42,7,0.47619047619047616,5.0,4.523809523809524
Local Standard,2026-09-21 13:12:26,pe_5_mqt.py,6,42,7,0.7142857142857142,5.0,4.285714285714286
Local Standard,2026-09-21 13:12:26,qft_4_mqt.py,5,42,7,0.5952380952380952,5.0,4.404761904761905
Local Standard,2026-09-21 13:12:26,qft_3_vq.py,4,42,7,0.47619047619047616,5.0,4.523809523809524
Local Standard,2026-09-21 13:12:30,pe_7_mqt.py,8,43,7,0.9302325581395349,5.0,4.069767441860465
Local Standard,2026-09-21 13:12:30,grover_3_vq.py,4,43,7,0.46511627906976744,5.0,4.534883720930233
Local Standard,2026-09-21 13:12:30,pe_6_vq.py,8,43,7,0.9302325581395349,5.0,4.069767441860465
Local Standard,2026-09-21 13:12:30,grover-v-chain_4_mqt.py,5,43,7,0.5813953488372093,5.0,4.4186046511627906
Local Standard,2026-09-21 13:12:30,grover-noancilla_4_mqt.py,5,43,7,0.5813953488372093,5.0,4.4186046511627906
Local Standard,2026-09-21 13:12:30,qft_6_mqt.py,7,43,7,0.8139534883720931,5.0,4.186046511627907
Local Standard,2026-09-21 13:12:30,shor_mod15_mqt.py,6,43,7,0.6976744186046512,5.0,4.3023255813953485
Local Standard,2026-09-21 13:12:35,pe_7_mqt.py,8,18,2,2.2222222222222223,5.0,2.7777777777777777
Local Standard,2026-09-21 13:12:35,grover_9_vq.py,10,18,2,2.7777777777777777,5.0,2.2222222222222223
Local T1 decay,2026-09-21 12:56:34,qft_6_mqt.py,7,7,1,5.0,5.0,0.0
Local T1 decay,2026-09-21 12:56:35,3_17tc_vq.py,4,33,6,0.6060606060606061,5.0,4.393939393939394
Local T1 decay,2026-09-21 12:56:35,simon_vq.py,7,33,6,1.0606060606060606,5.0,3.9393939393939394
Local T1 decay,2026-09-21 12:56:35,grover-v-chain_3_mqt.py,4,33,6,0.6060606060606061,5.0,4.393939393939394
Local T1 decay,2026-09-21 12:56:35,qwalk-v-chain_5_mqt.py,6,33,6,0.9090909090909092,5.0,4.090909090909091
Local T1 decay,2026-09-21 12:56:35,qwalk-noancilla_3_mqt.py,4,33,6,0.6060606060606061,5.0,4.393939393939394
Local T1 decay,2026-09-21 12:56:35,adder_n7_vq.py,8,33,6,1.2121212121212122,5.0,3.787878787878788
Local T1 decay,2026-09-21 12:56:41,bv_5_vq.py,6,35,7,0.8571428571428572,5.0,4.142857142857142
Local T1 decay,2026-09-21 12:56:41,kickback_7_vq.py,8,35,7,1.1428571428571428,5.0,3.857142857142857
Local T1 decay,2026-09-21 12:56:41,shor_mod15_mqt.py,6,35,7,0.8571428571428572,5.0,4.142857142857142
Local T1 decay,2026-09-21 12:56:41,grover-noancilla_3_mqt.py,4,35,7,0.5714285714285714,5.0,4.428571428571429
Local T1 decay,2026-09-21 12:56:41,qft_2_mqt.py,3,35,7,0.4285714285714286,5.0,4.571428571428571
Local T1 decay,2026-09-21 12:56:41,su2random_3_mqt.py,4,35,7,0.5714285714285714,5.0,4.428571428571429
Local T1 decay,2026-09-21 12:56:41,qwalk-v-chain_3_mqt.py,4,35,7,0.5714285714285714,5.0,4.428571428571429
Local T1 decay,2026-09-21 12:56:42,qft_3_mqt.py,4,4,1,5.0,5.0,0.0
Local T1 decay,2026-09-21 12:56:52,tsp_indep_4_mqt.py,5,37,6,0.6756756756756757,5.0,4.324324324324325
Local T1 decay,2026-09-21 12:56:52,su2_5_vq.py,5,37,6,0.6756756756756757,5.0,4.324324324324325
Local T1 decay,2026-09-21 12:56:52,tsp_indep_4_mqt.py,5,37,6,0.6756756756756757,5.0,4.324324324324325
Local T1 decay,2026-09-21 12:56:52,qft_7_vq.py,8,37,6,1.0810810810810811,5.0,3.918918918918919
Local T1 decay,2026-09-21 12:56:52,bv_9_vq.py,10,37,6,1.3513513513513513,5.0,3.6486486486486487
Local T1 decay,2026-09-21 12:56:52,qft_3_vq.py,4,37,6,0.5405405405405406,5.0,4.45945945945946
Local T1 decay,2026-09-21 12:56:56,grover_7_vq.py,8,30,5,1.3333333333333333,5.0,3.666666666666667
Local T1 decay,2026-09-21 12:56:56,bv_3_vq.py,4,30,5,0.6666666666666666,5.0,4.333333333333333
Local T1 decay,2026-09-21 12:56:56,vqe_indep_3_mqt.py,4,30,5,0.6666666666666666,5.0,4.333333333333333
Local T1 decay,2026-09-21 12:56:56,shor_mod21_mqt.py,9,30,5,1.5,5.0,3.5
Local T1 decay,2026-09-21 12:56:56,qaoa_indep_4_mqt.py,5,30,5,0.8333333333333333,5.0,4.166666666666667
Local T1 decay,2026-09-21 12:56:57,grover-v-chain_4_mqt.py,5,13,3,1.9230769230769231,5.0,3.0769230769230766
Local T1 decay,2026-09-21 12:56:57,grover-noancilla_4_mqt.py,5,13,3,1.9230769230769231,5.0,3.0769230769230766
Local T1 decay,2026-09-21 12:56:57,bv_2_vq.py,3,13,3,1.153846153846154,5.0,3.846153846153846
Local T1 decay,2026-09-21 12:57:01,qft_7_vq.py,8,57,8,0.7017543859649122,5.0,4.298245614035087
Local T1 decay,2026-09-21 12:57:01,grover_9_vq.py,10,57,8,0.8771929824561403,5.0,4.12280701754386
Local T1 decay,2026-09-21 12:57:01,bv_4_vq.py,5,57,8,0.43859649122807015,5.0,4.56140350877193
Local T1 decay,2026-09-21 12:57:01,shor_mod21_mqt.py,9,57,8,0.7894736842105263,5.0,4.2105263157894735
Local T1 decay,2026-09-21 12:57:01,vqe_indep_5_mqt.py,6,57,8,0.5263157894736842,5.0,4.473684210526316
Local T1 decay,2026-09-21 12:57:01,pe_4_mqt.py,5,57,8,0.43859649122807015,5.0,4.56140350877193
Local T1 decay,2026-09-21 12:57:01,bv_9_vq.py,10,57,8,0.8771929824561403,5.0,4.12280701754386
Local T1 decay,2026-09-21 12:57:01,grover-noancilla_3_mqt.py,4,57,8,0.3508771929824561,5.0,4.649122807017544
Local T1 decay,2026-09-21 12:57:05,pe_5_mqt.py,6,26,4,1.153846153846154,5.0,3.846153846153846
Local T1 decay,2026-09-21 12:57:05,adder_n10_vq.py,11,26,4,2.1153846153846154,5.0,2.8846153846153846
Local T1 decay,2026-09-21 12:57:05,su2random_3_mqt.py,4,26,4,0.7692307692307693,5.0,4.230769230769231
Local T1 decay,2026-09-21 12:57:05,qft_4_mqt.py,5,26,4,0.9615384615384616,5.0,4.038461538461538
Local T1 decay,2026-09-21 12:57:06,tsp_indep_5_mqt.py,6,15,3,2.0,5.0,3.0
Local T1 decay,2026-09-21 12:57:06,qwalk-v-chain_3_mqt.py,4,15,3,1.3333333333333333,5.0,3.666666666666667
Local T1 decay,2026-09-21 12:57:06,qaoa_indep_4_mqt.py,5,15,3,1.6666666666666665,5.0,3.3333333333333335
Local T1 decay,2026-09-21 12:57:10,tsp_indep_5_mqt.py,6,23,4,1.3043478260869565,5.0,3.6956521739130435
Local T1 decay,2026-09-21 12:57:10,qaoa_indep_3_mqt.py,4,23,4,0.8695652173913043,5.0,4.130434782608695
Local T1 decay,2026-09-21 12:57:10,pe_5_vq.py,7,23,4,1.5217391304347827,5.0,3.4782608695652173
Local T1 decay,2026-09-21 12:57:10,dj_indep_5_mqt.py,6,23,4,1.3043478260869565,5.0,3.6956521739130435
Local T1 decay,2026-09-21 12:57:11,pe_2_vq.py,4,15,3,1.3333333333333333,5.0,3.666666666666667
Local T1 decay,2026-09-21 12:57:11,3_17tc_vq.py,4,15,3,1.3333333333333333,5.0,3.666666666666667
Local T1 decay,2026-09-21 12:57:11,simon_vq.py,7,15,3,2.3333333333333335,5.0,2.6666666666666665
Local T1 decay,2026-09-21 12:57:14,vqe_indep_5_mqt.py,6,38,7,0.7894736842105263,5.0,4.2105263157894735
Local T1 decay,2026-09-21 12:57:14,shor_mod15_mqt.py,6,38,7,0.7894736842105263,5.0,4.2105263157894735
Local T1 decay,2026-09-21 12:57:14,grover_3_vq.py,4,38,7,0.5263157894736842,5.0,4.473684210526316
Local T1 decay,2026-09-21 12:57:14,qwalk-v-chain_5_mqt.py,6,38,7,0.7894736842105263,5.0,4.2105263157894735
Local T1 decay,2026-09-21 12:57:14,pe_3_mqt.py,4,38,7,0.5263157894736842,5.0,4.473684210526316
Local T1 decay,2026-09-21 12:57:14,pe_6_mqt.py,7,38,7,0.9210526315789473,5.0,4.078947368421053
Local T1 decay,2026-09-21 12:57:14,su2_5_vq.py,5,38,7,0.6578947368421052,5.0,4.342105263157895
Local T1 decay,2026-09-21 12:57:18,qft_6_mqt.py,7,39,7,0.8974358974358975,5.0,4.102564102564102
Local T1 decay,2026-09-21 12:57:18,vqe_indep_3_mqt.py,4,39,7,0.5128205128205128,5.0,4.487179487179487
Local T1 decay,2026-09-21 12:57:18,pe_6_vq.py,8,39,7,1.0256410256410255,5.0,3.9743589743589745
Local T1 decay,2026-09-21 12:57:18,qaoa_indep_3_mqt.py,4,39,7,0.5128205128205128,5.0,4.487179487179487
Local T1 decay,2026-09-21 12:57:18,qwalk-noancilla_3_mqt.py,4,39,7,0.5128205128205128,5.0,4.487179487179487
Local T1 decay,2026-09-21 12:57:18,qaoa_indep_5_mqt.py,6,39,7,0.7692307692307693,5.0,4.230769230769231
Local T1 decay,2026-09-21 12:57:18,qaoa_indep_5_mqt.py,6,39,7,0.7692307692307693,5.0,4.230769230769231
Local T1 decay,2026-09-21 12:57:22,dj_indep_4_mqt.py,5,36,6,0.6944444444444444,5.0,4.305555555555555
Local T1 decay,2026-09-21 12:57:22,adder_n4_vq.py,5,36,6,0.6944444444444444,5.0,4.305555555555555
Local T1 decay,2026-09-21 12:57:22,vqe_indep_4_mqt.py,5,36,6,0.6944444444444444,5.0,4.305555555555555
Local T1 decay,2026-09-21 12:57:22,dj_indep_7_mqt.py,8,36,6,1.1111111111111112,5.0,3.888888888888889
Local T1 decay,2026-09-21 12:57:22,vqe_indep_4_mqt.py,5,36,6,0.6944444444444444,5.0,4.305555555555555
Local T1 decay,2026-09-21 12:57:22,dj_indep_7_mqt.py,8,36,6,1.1111111111111112,5.0,3.888888888888889
Local T1 decay,2026-09-21 12:57:25,adder_n7_vq.py,8,45,7,0.888888888888889,5.0,4.111111111111111
Local T1 decay,2026-09-21 12:57:25,adder_n4_vq.py,5,45,7,0.5555555555555556,5.0,4.444444444444445
Local T1 decay,2026-09-21 12:57:25,dj_indep_5_mqt.py,6,45,7,0.6666666666666666,5.0,4.333333333333333
Local T1 decay,2026-09-21 12:57:25,adder_n10_vq.py,11,45,7,1.222222222222222,5.0,3.7777777777777777
Local T1 decay,2026-09-21 12:57:25,bv_5_vq.py,6,45,7,0.6666666666666666,5.0,4.333333333333333
Local T1 decay,2026-09-21 12:57:25,bv_4_vq.py,5,45,7,0.5555555555555556,5.0,4.444444444444445
Local T1 decay,2026-09-21 12:57:25,grover-v-chain_3_mqt.py,4,45,7,0.4444444444444445,5.0,4.555555555555555
Local T1 decay,2026-09-21 12:57:29,grover-v-chain_4_mqt.py,5,46,9,0.5434782608695652,5.0,4.456521739130435
Local T1 decay,2026-09-21 12:57:29,bv_3_vq.py,4,46,9,0.43478260869565216,5.0,4.565217391304348
Local T1 decay,2026-09-21 12:57:29,bv_2_vq.py,3,46,9,0.32608695652173914,5.0,4.673913043478261
Local T1 decay,2026-09-21 12:57:29,grover-noancilla_4_mqt.py,5,46,9,0.5434782608695652,5.0,4.456521739130435
Local T1 decay,2026-09-21 12:57:29,grover_9_vq.py,10,46,9,1.0869565217391304,5.0,3.9130434782608696
Local T1 decay,2026-09-21 12:57:29,grover_7_vq.py,8,46,9,0.8695652173913043,5.0,4.130434782608695
Local T1 decay,2026-09-21 12:57:29,grover_3_vq.py,4,46,9,0.43478260869565216,5.0,4.565217391304348
Local T1 decay,2026-09-21 12:57:29,pe_3_mqt.py,4,46,9,0.43478260869565216,5.0,4.565217391304348
Local T1 decay,2026-09-21 12:57:29,qft_2_mqt.py,3,46,9,0.32608695652173914,5.0,4.673913043478261
Local T1 decay,2026-09-21 12:57:33,kickback_7_vq.py,8,46,7,0.8695652173913043,5.0,4.130434782608695
Local T1 decay,2026-09-21 12:57:33,pe_4_mqt.py,5,46,7,0.5434782608695652,5.0,4.456521739130435
Local T1 decay,2026-09-21 12:57:33,pe_2_vq.py,4,46,7,0.43478260869565216,5.0,4.565217391304348
Local T1 decay,2026-09-21 12:57:33,pe_5_mqt.py,6,46,7,0.6521739130434783,5.0,4.3478260869565215
Local T1 decay,2026-09-21 12:57:33,pe_7_mqt.py,8,46,7,0.8695652173913043,5.0,4.130434782608695
Local T1 decay,2026-09-21 12:57:33,pe_6_mqt.py,7,46,7,0.7608695652173914,5.0,4.239130434782608
Local T1 decay,2026-09-21 12:57:33,pe_6_vq.py,8,46,7,0.8695652173913043,5.0,4.130434782608695
Local T1 decay,2026-09-21 12:57:36,pe_7_mqt.py,8,33,6,1.2121212121212122,5.0,3.787878787878788
Local T1 decay,2026-09-21 12:57:36,pe_5_vq.py,7,33,6,1.0606060606060606,5.0,3.9393939393939394
Local T1 decay,2026-09-21 12:57:36,qft_4_mqt.py,5,33,6,0.7575757575757576,5.0,4.242424242424242
Local T1 decay,2026-09-21 12:57:36,qft_3_mqt.py,4,33,6,0.6060606060606061,5.0,4.393939393939394
Local T1 decay,2026-09-21 12:57:36,qft_3_vq.py,4,33,6,0.6060606060606061,5.0,4.393939393939394
Local T1 decay,2026-09-21 12:57:36,dj_indep_4_mqt.py,5,33,6,0.7575757575757576,5.0,4.242424242424242
Global Completo,2026-09-22 11:22:52,tsp_indep_4_mqt.py,5,58,7,0.4310344827586207,5.0,4.568965517241379
Global Completo,2026-09-22 11:22:52,qwalk-v-chain_5_mqt.py,7,58,7,0.603448275862069,5.0,4.396551724137931
Global Completo,2026-09-22 11:22:52,vqe_indep_5_mqt.py,9,58,7,0.7758620689655172,5.0,4.224137931034483
Global Completo,2026-09-22 11:22:52,grover_9_vq.py,14,58,7,1.206896551724138,5.0,3.793103448275862
Global Completo,2026-09-22 11:22:52,qwalk-v-chain_5_mqt.py,9,58,7,0.7758620689655172,5.0,4.224137931034483
Global Completo,2026-09-22 11:22:52,tsp_indep_5_mqt.py,8,58,7,0.6896551724137931,5.0,4.310344827586206
Global Completo,2026-09-22 11:22:52,tsp_indep_4_mqt.py,6,58,7,0.5172413793103449,5.0,4.482758620689655
Global Completo,2026-09-22 11:22:58,pe_6_mqt.py,7,20,4,1.75,5.0,3.25
Global Completo,2026-09-22 11:22:58,grover-noancilla_4_mqt.py,5,20,4,1.25,5.0,3.75
Global Completo,2026-09-22 11:22:58,qwalk-noancilla_3_mqt.py,4,20,4,1.0,5.0,4.0
Global Completo,2026-09-22 11:22:58,qaoa_indep_3_mqt.py,4,20,4,1.0,5.0,4.0
Global Completo,2026-09-22 11:22:59,qwalk-noancilla_3_mqt.py,5,30,4,0.8333333333333333,5.0,4.166666666666667
Global Completo,2026-09-22 11:22:59,simon_vq.py,11,30,4,1.8333333333333333,5.0,3.166666666666667
Global Completo,2026-09-22 11:22:59,qaoa_indep_4_mqt.py,7,30,4,1.1666666666666667,5.0,3.833333333333333
Global Completo,2026-09-22 11:22:59,pe_3_mqt.py,7,30,4,1.1666666666666667,5.0,3.833333333333333
Global Completo,2026-09-22 11:23:05,bv_3_vq.py,4,28,4,0.7142857142857142,5.0,4.285714285714286
Global Completo,2026-09-22 11:23:05,simon_vq.py,8,28,4,1.4285714285714284,5.0,3.5714285714285716
Global Completo,2026-09-22 11:23:05,vqe_indep_5_mqt.py,9,28,4,1.6071428571428572,5.0,3.392857142857143
Global Completo,2026-09-22 11:23:05,pe_4_mqt.py,7,28,4,1.25,5.0,3.75
Global Completo,2026-09-22 11:23:06,pe_6_vq.py,12,29,3,2.0689655172413794,5.0,2.9310344827586206
Global Completo,2026-09-22 11:23:06,vqe_indep_3_mqt.py,5,29,3,0.8620689655172414,5.0,4.137931034482759
Global Completo,2026-09-22 11:23:06,bv_9_vq.py,12,29,3,2.0689655172413794,5.0,2.9310344827586206
Global Completo,2026-09-22 11:23:14,pe_5_mqt.py,6,48,6,0.625,5.0,4.375
Global Completo,2026-09-22 11:23:14,qft_6_mqt.py,8,48,6,0.8333333333333333,5.0,4.166666666666667
Global Completo,2026-09-22 11:23:14,grover-v-chain_3_mqt.py,4,48,6,0.41666666666666663,5.0,4.583333333333333
Global Completo,2026-09-22 11:23:14,pe_5_vq.py,11,48,6,1.1458333333333333,5.0,3.854166666666667
Global Completo,2026-09-22 11:23:14,shor_mod21_mqt.py,14,48,6,1.4583333333333335,5.0,3.5416666666666665
Global Completo,2026-09-22 11:23:14,3_17tc_vq.py,5,48,6,0.5208333333333334,5.0,4.479166666666667
Global Completo,2026-09-22 11:23:20,adder_n10_vq.py,12,56,7,1.0714285714285714,5.0,3.928571428571429
Global Completo,2026-09-22 11:23:20,pe_3_mqt.py,4,56,7,0.3571428571428571,5.0,4.642857142857143
Global Completo,2026-09-22 11:23:20,grover-v-chain_4_mqt.py,5,56,7,0.44642857142857145,5.0,4.553571428571429
Global Completo,2026-09-22 11:23:20,shor_mod21_mqt.py,13,56,7,1.1607142857142858,5.0,3.8392857142857144
Global Completo,2026-09-22 11:23:20,qaoa_indep_3_mqt.py,6,56,7,0.5357142857142857,5.0,4.464285714285714
Global Completo,2026-09-22 11:23:20,pe_6_mqt.py,11,56,7,0.9821428571428571,5.0,4.017857142857143
Global Completo,2026-09-22 11:23:20,pe_2_vq.py,5,56,7,0.44642857142857145,5.0,4.553571428571429
Global Completo,2026-09-22 11:23:24,qaoa_indep_4_mqt.py,5,67,9,0.3731343283582089,5.0,4.6268656716417915
Global Completo,2026-09-22 11:23:24,3_17tc_vq.py,4,67,9,0.29850746268656714,5.0,4.701492537313433
Global Completo,2026-09-22 11:23:24,grover_3_vq.py,4,67,9,0.29850746268656714,5.0,4.701492537313433
Global Completo,2026-09-22 11:23:24,bv_3_vq.py,5,67,9,0.3731343283582089,5.0,4.6268656716417915
Global Completo,2026-09-22 11:23:24,bv_9_vq.py,16,67,9,1.1940298507462686,5.0,3.8059701492537314
Global Completo,2026-09-22 11:23:24,bv_5_vq.py,7,67,9,0.5223880597014925,5.0,4.477611940298507
Global Completo,2026-09-22 11:23:24,kickback_7_vq.py,12,67,9,0.8955223880597014,5.0,4.104477611940299
Global Completo,2026-09-22 11:23:24,bv_5_vq.py,10,67,9,0.7462686567164178,5.0,4.253731343283582
Global Completo,2026-09-22 11:23:24,qft_2_mqt.py,4,67,9,0.29850746268656714,5.0,4.701492537313433
Global Completo,2026-09-22 11:23:30,pe_6_vq.py,8,48,6,0.8333333333333333,5.0,4.166666666666667
Global Completo,2026-09-22 11:23:30,qwalk-v-chain_3_mqt.py,4,48,6,0.41666666666666663,5.0,4.583333333333333
Global Completo,2026-09-22 11:23:30,grover_7_vq.py,13,48,6,1.3541666666666665,5.0,3.6458333333333335
Global Completo,2026-09-22 11:23:30,qft_7_vq.py,12,48,6,1.25,5.0,3.75
Global Completo,2026-09-22 11:23:30,grover-noancilla_3_mqt.py,5,48,6,0.5208333333333334,5.0,4.479166666666667
Global Completo,2026-09-22 11:23:30,grover-noancilla_3_mqt.py,6,48,6,0.625,5.0,4.375
Global Completo,2026-09-22 11:23:38,qft_7_vq.py,8,57,7,0.7017543859649122,5.0,4.298245614035087
Global Completo,2026-09-22 11:23:38,adder_n7_vq.py,11,57,7,0.9649122807017543,5.0,4.035087719298246
Global Completo,2026-09-22 11:23:38,grover_9_vq.py,13,57,7,1.1403508771929824,5.0,3.8596491228070176
Global Completo,2026-09-22 11:23:38,vqe_indep_4_mqt.py,5,57,7,0.43859649122807015,5.0,4.56140350877193
Global Completo,2026-09-22 11:23:38,vqe_indep_3_mqt.py,6,57,7,0.5263157894736842,5.0,4.473684210526316
Global Completo,2026-09-22 11:23:38,vqe_indep_4_mqt.py,7,57,7,0.6140350877192982,5.0,4.385964912280702
Global Completo,2026-09-22 11:23:38,qft_4_mqt.py,7,57,7,0.6140350877192982,5.0,4.385964912280702
Global Completo,2026-09-22 11:23:44,qft_4_mqt.py,5,54,8,0.4629629629629629,5.0,4.537037037037037
Global Completo,2026-09-22 11:23:44,shor_mod15_mqt.py,7,54,8,0.6481481481481481,5.0,4.351851851851852
Global Completo,2026-09-22 11:23:44,qft_6_mqt.py,11,54,8,1.0185185185185184,5.0,3.981481481481482
Global Completo,2026-09-22 11:23:44,tsp_indep_5_mqt.py,9,54,8,0.8333333333333333,5.0,4.166666666666667
Global Completo,2026-09-22 11:23:44,qft_3_mqt.py,5,54,8,0.4629629629629629,5.0,4.537037037037037
Global Completo,2026-09-22 11:23:44,pe_2_vq.py,6,54,8,0.5555555555555556,5.0,4.444444444444445
Global Completo,2026-09-22 11:23:44,qwalk-v-chain_3_mqt.py,6,54,8,0.5555555555555556,5.0,4.444444444444445
Global Completo,2026-09-22 11:23:44,qft_2_mqt.py,5,54,8,0.4629629629629629,5.0,4.537037037037037
Global Completo,2026-09-22 11:23:47,grover_3_vq.py,4,48,8,0.41666666666666663,5.0,4.583333333333333
Global Completo,2026-09-22 11:23:47,bv_2_vq.py,3,48,8,0.3125,5.0,4.6875
Global Completo,2026-09-22 11:23:47,dj_indep_5_mqt.py,9,48,8,0.9375,5.0,4.0625
Global Completo,2026-09-22 11:23:47,qft_3_vq.py,4,48,8,0.41666666666666663,5.0,4.583333333333333
Global Completo,2026-09-22 11:23:47,qft_3_vq.py,5,48,8,0.5208333333333334,5.0,4.479166666666667
Global Completo,2026-09-22 11:23:47,grover-v-chain_3_mqt.py,6,48,8,0.625,5.0,4.375
Global Completo,2026-09-22 11:23:47,dj_indep_7_mqt.py,12,48,8,1.25,5.0,3.75
Global Completo,2026-09-22 11:23:47,bv_2_vq.py,5,48,8,0.5208333333333334,5.0,4.479166666666667
Global Completo,2026-09-22 11:23:51,dj_indep_7_mqt.py,8,58,8,0.6896551724137931,5.0,4.310344827586206
Global Completo,2026-09-22 11:23:51,adder_n4_vq.py,5,58,8,0.4310344827586207,5.0,4.568965517241379
Global Completo,2026-09-22 11:23:51,adder_n4_vq.py,7,58,8,0.603448275862069,5.0,4.396551724137931
Global Completo,2026-09-22 11:23:51,bv_4_vq.py,7,58,8,0.603448275862069,5.0,4.396551724137931
Global Completo,2026-09-22 11:23:51,dj_indep_5_mqt.py,9,58,8,0.7758620689655172,5.0,4.224137931034483
Global Completo,2026-09-22 11:23:51,grover-noancilla_4_mqt.py,8,58,8,0.6896551724137931,5.0,4.310344827586206
Global Completo,2026-09-22 11:23:51,pe_5_mqt.py,9,58,8,0.7758620689655172,5.0,4.224137931034483
Global Completo,2026-09-22 11:23:51,qft_3_mqt.py,5,58,8,0.4310344827586207,5.0,4.568965517241379
Global Completo,2026-09-22 11:23:57,grover_7_vq.py,8,49,5,0.8163265306122448,5.0,4.183673469387755
Global Completo,2026-09-22 11:23:57,adder_n10_vq.py,17,49,5,1.7346938775510203,5.0,3.2653061224489797
Global Completo,2026-09-22 11:23:57,grover-v-chain_4_mqt.py,5,49,5,0.5102040816326531,5.0,4.489795918367347
Global Completo,2026-09-22 11:23:57,adder_n7_vq.py,12,49,5,1.2244897959183674,5.0,3.7755102040816326
Global Completo,2026-09-22 11:23:57,pe_4_mqt.py,7,49,5,0.7142857142857142,5.0,4.285714285714286
Global Completo,2026-09-22 11:24:00,bv_4_vq.py,5,5,1,5.0,5.0,0.0
Global Completo,2026-09-22 11:24:01,pe_5_vq.py,8,57,7,0.7017543859649122,5.0,4.298245614035087
Global Completo,2026-09-22 11:24:01,qaoa_indep_5_mqt.py,9,57,7,0.7894736842105263,5.0,4.2105263157894735
Global Completo,2026-09-22 11:24:01,qaoa_indep_5_mqt.py,9,57,7,0.7894736842105263,5.0,4.2105263157894735
Global Completo,2026-09-22 11:24:01,dj_indep_4_mqt.py,6,57,7,0.5263157894736842,5.0,4.473684210526316
Global Completo,2026-09-22 11:24:01,su2random_3_mqt.py,6,57,7,0.5263157894736842,5.0,4.473684210526316
Global Completo,2026-09-22 11:24:01,su2_5_vq.py,7,57,7,0.6140350877192982,5.0,4.385964912280702
Global Completo,2026-09-22 11:24:01,kickback_7_vq.py,12,57,7,1.0526315789473684,5.0,3.947368421052632
Global Completo,2026-09-22 11:24:04,su2_5_vq.py,5,45,6,0.5555555555555556,5.0,4.444444444444445
Global Completo,2026-09-22 11:24:04,pe_7_mqt.py,11,45,6,1.222222222222222,5.0,3.7777777777777777
Global Completo,2026-09-22 11:24:04,dj_indep_4_mqt.py,5,45,6,0.5555555555555556,5.0,4.444444444444445
Global Completo,2026-09-22 11:24:04,su2random_3_mqt.py,4,45,6,0.4444444444444445,5.0,4.555555555555555
Global Completo,2026-09-22 11:24:04,pe_7_mqt.py,12,45,6,1.3333333333333333,5.0,3.666666666666667
Global Completo,2026-09-22 11:24:04,shor_mod15_mqt.py,8,45,6,0.888888888888889,5.0,4.111111111111111
Global DD,2026-09-22 11:26:56,dj_indep_4_mqt.py,5,58,12,0.4310344827586207,5.0,4.568965517241379
Global DD,2026-09-22 11:26:56,pe_5_vq.py,7,58,12,0.603448275862069,5.0,4.396551724137931
Global DD,2026-09-22 11:26:56,adder_n4_vq.py,5,58,12,0.4310344827586207,5.0,4.568965517241379
Global DD,2026-09-22 11:26:56,bv_2_vq.py,3,58,12,0.25862068965517243,5.0,4.741379310344827
Global DD,2026-09-22 11:26:56,grover_3_vq.py,4,58,12,0.3448275862068966,5.0,4.655172413793103
Global DD,2026-09-22 11:26:56,grover_7_vq.py,8,58,12,0.6896551724137931,5.0,4.310344827586206
Global DD,2026-09-22 11:26:56,tsp_indep_4_mqt.py,5,58,12,0.4310344827586207,5.0,4.568965517241379
Global DD,2026-09-22 11:26:56,su2random_3_mqt.py,4,58,12,0.3448275862068966,5.0,4.655172413793103
Global DD,2026-09-22 11:26:56,pe_2_vq.py,4,58,12,0.3448275862068966,5.0,4.655172413793103
Global DD,2026-09-22 11:26:56,qft_2_mqt.py,3,58,12,0.25862068965517243,5.0,4.741379310344827
Global DD,2026-09-22 11:26:56,grover-v-chain_3_mqt.py,4,58,12,0.3448275862068966,5.0,4.655172413793103
Global DD,2026-09-22 11:26:56,shor_mod15_mqt.py,6,58,12,0.5172413793103449,5.0,4.482758620689655
Global DD,2026-09-22 11:27:00,pe_5_mqt.py,6,47,9,0.6382978723404255,5.0,4.361702127659575
Global DD,2026-09-22 11:27:00,pe_6_vq.py,8,47,9,0.851063829787234,5.0,4.148936170212766
Global DD,2026-09-22 11:27:00,tsp_indep_4_mqt.py,5,47,9,0.5319148936170213,5.0,4.468085106382979
Global DD,2026-09-22 11:27:00,qwalk-v-chain_3_mqt.py,4,47,9,0.425531914893617,5.0,4.574468085106383
Global DD,2026-09-22 11:27:00,grover-v-chain_4_mqt.py,5,47,9,0.5319148936170213,5.0,4.468085106382979
Global DD,2026-09-22 11:27:00,bv_3_vq.py,4,47,9,0.425531914893617,5.0,4.574468085106383
Global DD,2026-09-22 11:27:00,grover-noancilla_4_mqt.py,5,47,9,0.5319148936170213,5.0,4.468085106382979
Global DD,2026-09-22 11:27:00,su2_5_vq.py,5,47,9,0.5319148936170213,5.0,4.468085106382979
Global DD,2026-09-22 11:27:00,pe_4_mqt.py,5,47,9,0.5319148936170213,5.0,4.468085106382979
Global DD,2026-09-22 11:27:01,vqe_indep_4_mqt.py,5,22,4,1.1363636363636362,5.0,3.8636363636363638
Global DD,2026-09-22 11:27:01,tsp_indep_5_mqt.py,6,22,4,1.3636363636363635,5.0,3.6363636363636367
Global DD,2026-09-22 11:27:01,qft_6_mqt.py,7,22,4,1.5909090909090908,5.0,3.409090909090909
Global DD,2026-09-22 11:27:01,qft_3_mqt.py,4,22,4,0.9090909090909092,5.0,4.090909090909091
Global DD,2026-09-22 11:27:04,qwalk-noancilla_3_mqt.py,4,71,13,0.28169014084507044,5.0,4.71830985915493
Global DD,2026-09-22 11:27:04,qft_7_vq.py,8,71,13,0.5633802816901409,5.0,4.436619718309859
Global DD,2026-09-22 11:27:04,grover-noancilla_3_mqt.py,4,71,13,0.28169014084507044,5.0,4.71830985915493
Global DD,2026-09-22 11:27:04,simon_vq.py,7,71,13,0.4929577464788732,5.0,4.507042253521127
Global DD,2026-09-22 11:27:04,qwalk-v-chain_5_mqt.py,6,71,13,0.4225352112676056,5.0,4.577464788732394
Global DD,2026-09-22 11:27:04,simon_vq.py,7,71,13,0.4929577464788732,5.0,4.507042253521127
Global DD,2026-09-22 11:27:04,dj_indep_7_mqt.py,8,71,13,0.5633802816901409,5.0,4.436619718309859
Global DD,2026-09-22 11:27:04,qft_4_mqt.py,5,71,13,0.35211267605633806,5.0,4.647887323943662
Global DD,2026-09-22 11:27:04,3_17tc_vq.py,4,71,13,0.28169014084507044,5.0,4.71830985915493
Global DD,2026-09-22 11:27:04,pe_6_mqt.py,7,71,13,0.4929577464788732,5.0,4.507042253521127
Global DD,2026-09-22 11:27:04,pe_3_mqt.py,4,71,13,0.28169014084507044,5.0,4.71830985915493
Global DD,2026-09-22 11:27:04,qwalk-noancilla_3_mqt.py,4,71,13,0.28169014084507044,5.0,4.71830985915493
Global DD,2026-09-22 11:27:04,qft_2_mqt.py,3,71,13,0.2112676056338028,5.0,4.788732394366197
Global DD,2026-09-22 11:27:08,kickback_7_vq.py,8,58,10,0.6896551724137931,5.0,4.310344827586206
Global DD,2026-09-22 11:27:08,bv_4_vq.py,5,58,10,0.4310344827586207,5.0,4.568965517241379
Global DD,2026-09-22 11:27:08,bv_9_vq.py,10,58,10,0.8620689655172414,5.0,4.137931034482759
Global DD,2026-09-22 11:27:08,3_17tc_vq.py,4,58,10,0.3448275862068966,5.0,4.655172413793103
Global DD,2026-09-22 11:27:08,tsp_indep_5_mqt.py,6,58,10,0.5172413793103449,5.0,4.482758620689655
Global DD,2026-09-22 11:27:08,qft_3_vq.py,4,58,10,0.3448275862068966,5.0,4.655172413793103
Global DD,2026-09-22 11:27:08,grover-v-chain_4_mqt.py,5,58,10,0.4310344827586207,5.0,4.568965517241379
Global DD,2026-09-22 11:27:08,bv_5_vq.py,6,58,10,0.5172413793103449,5.0,4.482758620689655
Global DD,2026-09-22 11:27:08,grover-v-chain_3_mqt.py,4,58,10,0.3448275862068966,5.0,4.655172413793103
Global DD,2026-09-22 11:27:08,vqe_indep_5_mqt.py,6,58,10,0.5172413793103449,5.0,4.482758620689655
Global DD,2026-09-22 11:27:11,qaoa_indep_5_mqt.py,6,64,10,0.46875,5.0,4.53125
Global DD,2026-09-22 11:27:11,dj_indep_5_mqt.py,6,64,10,0.46875,5.0,4.53125
Global DD,2026-09-22 11:27:11,qaoa_indep_4_mqt.py,5,64,10,0.390625,5.0,4.609375
Global DD,2026-09-22 11:27:11,qwalk-v-chain_5_mqt.py,6,64,10,0.46875,5.0,4.53125
Global DD,2026-09-22 11:27:11,dj_indep_7_mqt.py,8,64,10,0.625,5.0,4.375
Global DD,2026-09-22 11:27:11,adder_n7_vq.py,8,64,10,0.625,5.0,4.375
Global DD,2026-09-22 11:27:11,su2_5_vq.py,5,64,10,0.390625,5.0,4.609375
Global DD,2026-09-22 11:27:11,vqe_indep_5_mqt.py,6,64,10,0.46875,5.0,4.53125
Global DD,2026-09-22 11:27:11,vqe_indep_3_mqt.py,4,64,10,0.3125,5.0,4.6875
Global DD,2026-09-22 11:27:11,grover_9_vq.py,10,64,10,0.78125,5.0,4.21875
Global DD,2026-09-22 11:27:16,grover_3_vq.py,4,58,11,0.3448275862068966,5.0,4.655172413793103
Global DD,2026-09-22 11:27:16,qft_3_mqt.py,4,58,11,0.3448275862068966,5.0,4.655172413793103
Global DD,2026-09-22 11:27:16,bv_2_vq.py,3,58,11,0.25862068965517243,5.0,4.741379310344827
Global DD,2026-09-22 11:27:16,adder_n4_vq.py,5,58,11,0.4310344827586207,5.0,4.568965517241379
Global DD,2026-09-22 11:27:16,dj_indep_5_mqt.py,6,58,11,0.5172413793103449,5.0,4.482758620689655
Global DD,2026-09-22 11:27:16,adder_n7_vq.py,8,58,11,0.6896551724137931,5.0,4.310344827586206
Global DD,2026-09-22 11:27:16,pe_3_mqt.py,4,58,11,0.3448275862068966,5.0,4.655172413793103
Global DD,2026-09-22 11:27:16,bv_5_vq.py,6,58,11,0.5172413793103449,5.0,4.482758620689655
Global DD,2026-09-22 11:27:16,grover-noancilla_3_mqt.py,4,58,11,0.3448275862068966,5.0,4.655172413793103
Global DD,2026-09-22 11:27:16,bv_9_vq.py,10,58,11,0.8620689655172414,5.0,4.137931034482759
Global DD,2026-09-22 11:27:16,qwalk-v-chain_3_mqt.py,4,58,11,0.3448275862068966,5.0,4.655172413793103
Global DD,2026-09-22 11:27:20,kickback_7_vq.py,8,69,11,0.5797101449275363,5.0,4.420289855072464
Global DD,2026-09-22 11:27:20,adder_n10_vq.py,11,69,11,0.7971014492753623,5.0,4.202898550724638
Global DD,2026-09-22 11:27:20,vqe_indep_4_mqt.py,5,69,11,0.36231884057971014,5.0,4.63768115942029
Global DD,2026-09-22 11:27:20,qaoa_indep_3_mqt.py,4,69,11,0.2898550724637681,5.0,4.7101449275362315
Global DD,2026-09-22 11:27:20,su2random_3_mqt.py,4,69,11,0.2898550724637681,5.0,4.7101449275362315
Global DD,2026-09-22 11:27:20,bv_4_vq.py,5,69,11,0.36231884057971014,5.0,4.63768115942029
Global DD,2026-09-22 11:27:20,qft_6_mqt.py,7,69,11,0.5072463768115942,5.0,4.492753623188406
Global DD,2026-09-22 11:27:20,pe_7_mqt.py,8,69,11,0.5797101449275363,5.0,4.420289855072464
Global DD,2026-09-22 11:27:20,pe_6_mqt.py,7,69,11,0.5072463768115942,5.0,4.492753623188406
Global DD,2026-09-22 11:27:20,qaoa_indep_5_mqt.py,6,69,11,0.43478260869565216,5.0,4.565217391304348
Global DD,2026-09-22 11:27:20,qft_3_vq.py,4,69,11,0.2898550724637681,5.0,4.7101449275362315
Global DD,2026-09-22 11:27:23,shor_mod21_mqt.py,9,68,11,0.6617647058823529,5.0,4.338235294117647
Global DD,2026-09-22 11:27:23,grover_7_vq.py,8,68,11,0.5882352941176471,5.0,4.411764705882353
Global DD,2026-09-22 11:27:23,qaoa_indep_4_mqt.py,5,68,11,0.36764705882352944,5.0,4.632352941176471
Global DD,2026-09-22 11:27:23,shor_mod21_mqt.py,9,68,11,0.6617647058823529,5.0,4.338235294117647
Global DD,2026-09-22 11:27:23,qaoa_indep_3_mqt.py,4,68,11,0.29411764705882354,5.0,4.705882352941177
Global DD,2026-09-22 11:27:23,qft_4_mqt.py,5,68,11,0.36764705882352944,5.0,4.632352941176471
Global DD,2026-09-22 11:27:23,bv_3_vq.py,4,68,11,0.29411764705882354,5.0,4.705882352941177
Global DD,2026-09-22 11:27:23,pe_5_vq.py,7,68,11,0.5147058823529411,5.0,4.485294117647059
Global DD,2026-09-22 11:27:23,pe_6_vq.py,8,68,11,0.5882352941176471,5.0,4.411764705882353
Global DD,2026-09-22 11:27:23,dj_indep_4_mqt.py,5,68,11,0.36764705882352944,5.0,4.632352941176471
Global DD,2026-09-22 11:27:23,vqe_indep_3_mqt.py,4,68,11,0.29411764705882354,5.0,4.705882352941177
Global DD,2026-09-22 11:27:28,grover_9_vq.py,10,63,9,0.7936507936507936,5.0,4.2063492063492065
Global DD,2026-09-22 11:27:28,adder_n10_vq.py,11,63,9,0.873015873015873,5.0,4.1269841269841265
Global DD,2026-09-22 11:27:28,qft_7_vq.py,8,63,9,0.6349206349206349,5.0,4.365079365079366
Global DD,2026-09-22 11:27:28,pe_7_mqt.py,8,63,9,0.6349206349206349,5.0,4.365079365079366
Global DD,2026-09-22 11:27:28,shor_mod15_mqt.py,6,63,9,0.47619047619047616,5.0,4.523809523809524
Global DD,2026-09-22 11:27:28,grover-noancilla_4_mqt.py,5,63,9,0.3968253968253968,5.0,4.603174603174603
Global DD,2026-09-22 11:27:28,pe_4_mqt.py,5,63,9,0.3968253968253968,5.0,4.603174603174603
Global DD,2026-09-22 11:27:28,pe_5_mqt.py,6,63,9,0.47619047619047616,5.0,4.523809523809524
Global DD,2026-09-22 11:27:28,pe_2_vq.py,4,63,9,0.31746031746031744,5.0,4.682539682539683
Global Robust,2026-09-21 12:58:52,dj_indep_7_mqt.py,8,35,6,1.1428571428571428,5.0,3.857142857142857
Global Robust,2026-09-21 12:58:52,shor_mod21_mqt.py,9,35,6,1.2857142857142856,5.0,3.7142857142857144
Global Robust,2026-09-21 12:58:52,tsp_indep_5_mqt.py,6,35,6,0.8571428571428572,5.0,4.142857142857142
Global Robust,2026-09-21 12:58:52,vqe_indep_4_mqt.py,5,35,6,0.7142857142857142,5.0,4.285714285714286
Global Robust,2026-09-21 12:58:52,qwalk-v-chain_3_mqt.py,4,35,6,0.5714285714285714,5.0,4.428571428571429
Global Robust,2026-09-21 12:58:52,bv_2_vq.py,3,35,6,0.4285714285714286,5.0,4.571428571428571
Global Robust,2026-09-21 12:58:53,grover-noancilla_4_mqt.py,5,5,1,5.0,5.0,0.0
Global Robust,2026-09-21 12:58:57,simon_vq.py,7,45,8,0.7777777777777778,5.0,4.222222222222222
Global Robust,2026-09-21 12:58:57,grover_9_vq.py,10,45,8,1.1111111111111112,5.0,3.888888888888889
Global Robust,2026-09-21 12:58:57,qaoa_indep_5_mqt.py,6,45,8,0.6666666666666666,5.0,4.333333333333333
Global Robust,2026-09-21 12:58:57,pe_4_mqt.py,5,45,8,0.5555555555555556,5.0,4.444444444444445
Global Robust,2026-09-21 12:58:57,grover-v-chain_4_mqt.py,5,45,8,0.5555555555555556,5.0,4.444444444444445
Global Robust,2026-09-21 12:58:57,su2_5_vq.py,5,45,8,0.5555555555555556,5.0,4.444444444444445
Global Robust,2026-09-21 12:58:57,pe_2_vq.py,4,45,8,0.4444444444444445,5.0,4.555555555555555
Global Robust,2026-09-21 12:58:57,qft_2_mqt.py,3,45,8,0.3333333333333333,5.0,4.666666666666667
Global Robust,2026-09-21 13:01:35,grover_3_vq.py,4,46,10,0.43478260869565216,5.0,4.565217391304348
Global Robust,2026-09-21 13:01:35,dj_indep_4_mqt.py,5,46,10,0.5434782608695652,5.0,4.456521739130435
Global Robust,2026-09-21 13:01:35,qwalk-noancilla_3_mqt.py,4,46,10,0.43478260869565216,5.0,4.565217391304348
Global Robust,2026-09-21 13:01:35,qft_4_mqt.py,5,46,10,0.5434782608695652,5.0,4.456521739130435
Global Robust,2026-09-21 13:01:35,3_17tc_vq.py,4,46,10,0.43478260869565216,5.0,4.565217391304348
Global Robust,2026-09-21 13:01:35,adder_n4_vq.py,5,46,10,0.5434782608695652,5.0,4.456521739130435
Global Robust,2026-09-21 13:01:35,qwalk-noancilla_3_mqt.py,4,46,10,0.43478260869565216,5.0,4.565217391304348
Global Robust,2026-09-21 13:01:35,pe_5_vq.py,7,46,10,0.7608695652173914,5.0,4.239130434782608
Global Robust,2026-09-21 13:01:35,qft_3_vq.py,4,46,10,0.43478260869565216,5.0,4.565217391304348
Global Robust,2026-09-21 13:01:35,su2random_3_mqt.py,4,46,10,0.43478260869565216,5.0,4.565217391304348
Global Robust,2026-09-21 13:01:39,pe_6_mqt.py,7,46,8,0.7608695652173914,5.0,4.239130434782608
Global Robust,2026-09-21 13:01:39,tsp_indep_4_mqt.py,5,46,8,0.5434782608695652,5.0,4.456521739130435
Global Robust,2026-09-21 13:01:39,shor_mod21_mqt.py,9,46,8,0.9782608695652174,5.0,4.021739130434782
Global Robust,2026-09-21 13:01:39,qwalk-v-chain_5_mqt.py,6,46,8,0.6521739130434783,5.0,4.3478260869565215
Global Robust,2026-09-21 13:01:39,bv_3_vq.py,4,46,8,0.43478260869565216,5.0,4.565217391304348
Global Robust,2026-09-21 13:01:39,pe_6_vq.py,8,46,8,0.8695652173913043,5.0,4.130434782608695
Global Robust,2026-09-21 13:01:39,qaoa_indep_3_mqt.py,4,46,8,0.43478260869565216,5.0,4.565217391304348
Global Robust,2026-09-21 13:01:39,bv_2_vq.py,3,46,8,0.32608695652173914,5.0,4.673913043478261
Global Robust,2026-09-21 13:01:44,qft_6_mqt.py,7,42,8,0.8333333333333333,5.0,4.166666666666667
Global Robust,2026-09-21 13:01:44,tsp_indep_4_mqt.py,5,42,8,0.5952380952380952,5.0,4.404761904761905
Global Robust,2026-09-21 13:01:44,shor_mod15_mqt.py,6,42,8,0.7142857142857142,5.0,4.285714285714286
Global Robust,2026-09-21 13:01:44,bv_4_vq.py,5,42,8,0.5952380952380952,5.0,4.404761904761905
Global Robust,2026-09-21 13:01:44,tsp_indep_5_mqt.py,6,42,8,0.7142857142857142,5.0,4.285714285714286
Global Robust,2026-09-21 13:01:44,bv_5_vq.py,6,42,8,0.7142857142857142,5.0,4.285714285714286
Global Robust,2026-09-21 13:01:44,grover-noancilla_3_mqt.py,4,42,8,0.47619047619047616,5.0,4.523809523809524
Global Robust,2026-09-21 13:01:44,qft_2_mqt.py,3,42,8,0.3571428571428571,5.0,4.642857142857143
Global Robust,2026-09-21 13:01:48,simon_vq.py,7,41,8,0.853658536585366,5.0,4.146341463414634
Global Robust,2026-09-21 13:01:48,grover_7_vq.py,8,41,8,0.975609756097561,5.0,4.024390243902439
Global Robust,2026-09-21 13:01:48,pe_5_mqt.py,6,41,8,0.7317073170731707,5.0,4.2682926829268295
Global Robust,2026-09-21 13:01:48,pe_3_mqt.py,4,41,8,0.4878048780487805,5.0,4.512195121951219
Global Robust,2026-09-21 13:01:48,3_17tc_vq.py,4,41,8,0.4878048780487805,5.0,4.512195121951219
Global Robust,2026-09-21 13:01:48,qwalk-v-chain_3_mqt.py,4,41,8,0.4878048780487805,5.0,4.512195121951219
Global Robust,2026-09-21 13:01:48,qft_3_mqt.py,4,41,8,0.4878048780487805,5.0,4.512195121951219
Global Robust,2026-09-21 13:01:48,grover-v-chain_3_mqt.py,4,41,8,0.4878048780487805,5.0,4.512195121951219
Global Robust,2026-09-21 13:01:53,bv_9_vq.py,10,50,8,1.0,5.0,4.0
Global Robust,2026-09-21 13:01:53,qft_7_vq.py,8,50,8,0.8,5.0,4.2
Global Robust,2026-09-21 13:01:53,kickback_7_vq.py,8,50,8,0.8,5.0,4.2
Global Robust,2026-09-21 13:01:53,su2random_3_mqt.py,4,50,8,0.4,5.0,4.6
Global Robust,2026-09-21 13:01:53,su2_5_vq.py,5,50,8,0.5,5.0,4.5
Global Robust,2026-09-21 13:01:53,qwalk-v-chain_5_mqt.py,6,50,8,0.6,5.0,4.4
Global Robust,2026-09-21 13:01:53,qaoa_indep_4_mqt.py,5,50,8,0.5,5.0,4.5
Global Robust,2026-09-21 13:01:53,qaoa_indep_3_mqt.py,4,50,8,0.4,5.0,4.6
Global Robust,2026-09-21 13:01:58,qaoa_indep_5_mqt.py,6,37,7,0.8108108108108109,5.0,4.1891891891891895
Global Robust,2026-09-21 13:01:58,vqe_indep_3_mqt.py,4,37,7,0.5405405405405406,5.0,4.45945945945946
Global Robust,2026-09-21 13:01:58,vqe_indep_4_mqt.py,5,37,7,0.6756756756756757,5.0,4.324324324324325
Global Robust,2026-09-21 13:01:58,vqe_indep_3_mqt.py,4,37,7,0.5405405405405406,5.0,4.45945945945946
Global Robust,2026-09-21 13:01:58,dj_indep_5_mqt.py,6,37,7,0.8108108108108109,5.0,4.1891891891891895
Global Robust,2026-09-21 13:01:58,dj_indep_5_mqt.py,6,37,7,0.8108108108108109,5.0,4.1891891891891895
Global Robust,2026-09-21 13:01:58,vqe_indep_5_mqt.py,6,37,7,0.8108108108108109,5.0,4.1891891891891895
Global Robust,2026-09-21 13:02:03,vqe_indep_5_mqt.py,6,49,6,0.6122448979591837,5.0,4.387755102040816
Global Robust,2026-09-21 13:02:03,qaoa_indep_4_mqt.py,5,49,6,0.5102040816326531,5.0,4.489795918367347
Global Robust,2026-09-21 13:02:03,adder_n7_vq.py,8,49,6,0.8163265306122448,5.0,4.183673469387755
Global Robust,2026-09-21 13:02:03,adder_n10_vq.py,11,49,6,1.1224489795918366,5.0,3.8775510204081636
Global Robust,2026-09-21 13:02:03,dj_indep_7_mqt.py,8,49,6,0.8163265306122448,5.0,4.183673469387755
Global Robust,2026-09-21 13:02:03,adder_n10_vq.py,11,49,6,1.1224489795918366,5.0,3.8775510204081636
Global Robust,2026-09-21 13:02:07,adder_n4_vq.py,5,41,8,0.6097560975609756,5.0,4.390243902439025
Global Robust,2026-09-21 13:02:07,adder_n7_vq.py,8,41,8,0.975609756097561,5.0,4.024390243902439
Global Robust,2026-09-21 13:02:07,bv_3_vq.py,4,41,8,0.4878048780487805,5.0,4.512195121951219
Global Robust,2026-09-21 13:02:07,bv_4_vq.py,5,41,8,0.6097560975609756,5.0,4.390243902439025
Global Robust,2026-09-21 13:02:07,bv_5_vq.py,6,41,8,0.7317073170731707,5.0,4.2682926829268295
Global Robust,2026-09-21 13:02:07,grover-v-chain_4_mqt.py,5,41,8,0.6097560975609756,5.0,4.390243902439025
Global Robust,2026-09-21 13:02:07,grover-v-chain_3_mqt.py,4,41,8,0.4878048780487805,5.0,4.512195121951219
Global Robust,2026-09-21 13:02:07,grover_3_vq.py,4,41,8,0.4878048780487805,5.0,4.512195121951219
Global Robust,2026-09-21 13:02:11,grover_7_vq.py,8,42,7,0.9523809523809523,5.0,4.0476190476190474
Global Robust,2026-09-21 13:02:11,bv_9_vq.py,10,42,7,1.1904761904761905,5.0,3.8095238095238093
Global Robust,2026-09-21 13:02:11,grover-noancilla_3_mqt.py,4,42,7,0.47619047619047616,5.0,4.523809523809524
Global Robust,2026-09-21 13:02:11,pe_3_mqt.py,4,42,7,0.47619047619047616,5.0,4.523809523809524
Global Robust,2026-09-21 13:02:11,pe_2_vq.py,4,42,7,0.47619047619047616,5.0,4.523809523809524
Global Robust,2026-09-21 13:02:11,kickback_7_vq.py,8,42,7,0.9523809523809523,5.0,4.0476190476190474
Global Robust,2026-09-21 13:02:11,qft_3_mqt.py,4,42,7,0.47619047619047616,5.0,4.523809523809524
Global Robust,2026-09-21 13:02:15,grover_9_vq.py,10,45,7,1.1111111111111112,5.0,3.888888888888889
Global Robust,2026-09-21 13:02:15,pe_7_mqt.py,8,45,7,0.888888888888889,5.0,4.111111111111111
Global Robust,2026-09-21 13:02:15,pe_5_mqt.py,6,45,7,0.6666666666666666,5.0,4.333333333333333
Global Robust,2026-09-21 13:02:15,dj_indep_4_mqt.py,5,45,7,0.5555555555555556,5.0,4.444444444444445
Global Robust,2026-09-21 13:02:15,shor_mod15_mqt.py,6,45,7,0.6666666666666666,5.0,4.333333333333333
Global Robust,2026-09-21 13:02:15,grover-noancilla_4_mqt.py,5,45,7,0.5555555555555556,5.0,4.444444444444445
Global Robust,2026-09-21 13:02:15,pe_4_mqt.py,5,45,7,0.5555555555555556,5.0,4.444444444444445
Global Robust,2026-09-21 13:02:19,pe_6_mqt.py,7,43,6,0.8139534883720931,5.0,4.186046511627907
Global Robust,2026-09-21 13:02:19,qft_7_vq.py,8,43,6,0.9302325581395349,5.0,4.069767441860465
Global Robust,2026-09-21 13:02:19,qft_4_mqt.py,5,43,6,0.5813953488372093,5.0,4.4186046511627906
Global Robust,2026-09-21 13:02:19,pe_5_vq.py,7,43,6,0.8139534883720931,5.0,4.186046511627907
Global Robust,2026-09-21 13:02:19,pe_6_vq.py,8,43,6,0.9302325581395349,5.0,4.069767441860465
Global Robust,2026-09-21 13:02:19,pe_7_mqt.py,8,43,6,0.9302325581395349,5.0,4.069767441860465
Global Robust,2026-09-21 13:02:22,qft_3_vq.py,4,11,2,1.8181818181818183,5.0,3.1818181818181817
Global Robust,2026-09-21 13:02:22,qft_6_mqt.py,7,11,2,3.1818181818181817,5.0,1.8181818181818183
Global Standard,2026-09-21 13:09:07,tsp_indep_5_mqt.py,6,42,8,0.7142857142857142,5.0,4.285714285714286
Global Standard,2026-09-21 13:09:07,shor_mod21_mqt.py,9,42,8,1.0714285714285714,5.0,3.928571428571429
Global Standard,2026-09-21 13:09:07,qft_3_mqt.py,4,42,8,0.47619047619047616,5.0,4.523809523809524
Global Standard,2026-09-21 13:09:07,pe_4_mqt.py,5,42,8,0.5952380952380952,5.0,4.404761904761905
Global Standard,2026-09-21 13:09:07,su2_5_vq.py,5,42,8,0.5952380952380952,5.0,4.404761904761905
Global Standard,2026-09-21 13:09:07,pe_5_mqt.py,6,42,8,0.7142857142857142,5.0,4.285714285714286
Global Standard,2026-09-21 13:09:07,bv_2_vq.py,3,42,8,0.3571428571428571,5.0,4.642857142857143
Global Standard,2026-09-21 13:09:07,qwalk-v-chain_3_mqt.py,4,42,8,0.47619047619047616,5.0,4.523809523809524
Global Standard,2026-09-21 13:09:14,kickback_7_vq.py,8,34,6,1.1764705882352942,5.0,3.8235294117647056
Global Standard,2026-09-21 13:09:14,grover-noancilla_3_mqt.py,4,34,6,0.5882352941176471,5.0,4.411764705882353
Global Standard,2026-09-21 13:09:14,3_17tc_vq.py,4,34,6,0.5882352941176471,5.0,4.411764705882353
Global Standard,2026-09-21 13:09:14,qaoa_indep_5_mqt.py,6,34,6,0.8823529411764707,5.0,4.117647058823529
Global Standard,2026-09-21 13:09:14,qft_4_mqt.py,5,34,6,0.7352941176470589,5.0,4.264705882352941
Global Standard,2026-09-21 13:09:14,simon_vq.py,7,34,6,1.0294117647058822,5.0,3.9705882352941178
Global Standard,2026-09-21 13:09:15,qwalk-noancilla_3_mqt.py,4,9,2,2.2222222222222223,5.0,2.7777777777777777
Global Standard,2026-09-21 13:09:15,adder_n4_vq.py,5,9,2,2.7777777777777777,5.0,2.2222222222222223
Global Standard,2026-09-21 13:09:18,pe_6_vq.py,8,43,8,0.9302325581395349,5.0,4.069767441860465
Global Standard,2026-09-21 13:09:18,3_17tc_vq.py,4,43,8,0.46511627906976744,5.0,4.534883720930233
Global Standard,2026-09-21 13:09:18,qaoa_indep_3_mqt.py,4,43,8,0.46511627906976744,5.0,4.534883720930233
Global Standard,2026-09-21 13:09:18,simon_vq.py,7,43,8,0.8139534883720931,5.0,4.186046511627907
Global Standard,2026-09-21 13:09:18,grover-v-chain_3_mqt.py,4,43,8,0.46511627906976744,5.0,4.534883720930233
Global Standard,2026-09-21 13:09:18,pe_2_vq.py,4,43,8,0.46511627906976744,5.0,4.534883720930233
Global Standard,2026-09-21 13:09:18,pe_6_mqt.py,7,43,8,0.8139534883720931,5.0,4.186046511627907
Global Standard,2026-09-21 13:09:18,grover-noancilla_4_mqt.py,5,43,8,0.5813953488372093,5.0,4.4186046511627906
Global Standard,2026-09-21 13:09:23,pe_5_vq.py,7,43,6,0.8139534883720931,5.0,4.186046511627907
Global Standard,2026-09-21 13:09:23,grover_9_vq.py,10,43,6,1.1627906976744187,5.0,3.837209302325581
Global Standard,2026-09-21 13:09:23,bv_9_vq.py,10,43,6,1.1627906976744187,5.0,3.837209302325581
Global Standard,2026-09-21 13:09:23,dj_indep_4_mqt.py,5,43,6,0.5813953488372093,5.0,4.4186046511627906
Global Standard,2026-09-21 13:09:23,bv_4_vq.py,5,43,6,0.5813953488372093,5.0,4.4186046511627906
Global Standard,2026-09-21 13:09:23,bv_5_vq.py,6,43,6,0.6976744186046512,5.0,4.3023255813953485
Global Standard,2026-09-21 13:09:24,su2random_3_mqt.py,4,8,2,2.5,5.0,2.5
Global Standard,2026-09-21 13:09:24,grover_3_vq.py,4,8,2,2.5,5.0,2.5
Global Standard,2026-09-21 13:09:30,vqe_indep_4_mqt.py,5,47,8,0.5319148936170213,5.0,4.468085106382979
Global Standard,2026-09-21 13:09:30,dj_indep_7_mqt.py,8,47,8,0.851063829787234,5.0,4.148936170212766
Global Standard,2026-09-21 13:09:30,shor_mod21_mqt.py,9,47,8,0.9574468085106382,5.0,4.042553191489362
Global Standard,2026-09-21 13:09:30,bv_3_vq.py,4,47,8,0.425531914893617,5.0,4.574468085106383
Global Standard,2026-09-21 13:09:30,qwalk-v-chain_5_mqt.py,6,47,8,0.6382978723404255,5.0,4.361702127659575
Global Standard,2026-09-21 13:09:30,grover-v-chain_4_mqt.py,5,47,8,0.5319148936170213,5.0,4.468085106382979
Global Standard,2026-09-21 13:09:30,qft_6_mqt.py,7,47,8,0.7446808510638298,5.0,4.25531914893617
Global Standard,2026-09-21 13:09:30,qft_2_mqt.py,3,47,8,0.3191489361702127,5.0,4.680851063829787
Global Standard,2026-09-21 13:09:34,pe_3_mqt.py,4,42,9,0.47619047619047616,5.0,4.523809523809524
Global Standard,2026-09-21 13:09:34,qft_3_vq.py,4,42,9,0.47619047619047616,5.0,4.523809523809524
Global Standard,2026-09-21 13:09:34,tsp_indep_5_mqt.py,6,42,9,0.7142857142857142,5.0,4.285714285714286
Global Standard,2026-09-21 13:09:34,tsp_indep_4_mqt.py,5,42,9,0.5952380952380952,5.0,4.404761904761905
Global Standard,2026-09-21 13:09:34,qwalk-noancilla_3_mqt.py,4,42,9,0.47619047619047616,5.0,4.523809523809524
Global Standard,2026-09-21 13:09:34,tsp_indep_4_mqt.py,5,42,9,0.5952380952380952,5.0,4.404761904761905
Global Standard,2026-09-21 13:09:34,qwalk-v-chain_3_mqt.py,4,42,9,0.47619047619047616,5.0,4.523809523809524
Global Standard,2026-09-21 13:09:34,shor_mod15_mqt.py,6,42,9,0.7142857142857142,5.0,4.285714285714286
Global Standard,2026-09-21 13:09:34,vqe_indep_3_mqt.py,4,42,9,0.47619047619047616,5.0,4.523809523809524
Global Standard,2026-09-21 13:09:39,qft_7_vq.py,8,27,4,1.4814814814814814,5.0,3.5185185185185186
Global Standard,2026-09-21 13:09:39,grover_7_vq.py,8,27,4,1.4814814814814814,5.0,3.5185185185185186
Global Standard,2026-09-21 13:09:39,su2_5_vq.py,5,27,4,0.9259259259259258,5.0,4.074074074074074
Global Standard,2026-09-21 13:09:39,qwalk-v-chain_5_mqt.py,6,27,4,1.1111111111111112,5.0,3.888888888888889
Global Standard,2026-09-21 13:09:40,qaoa_indep_3_mqt.py,4,13,3,1.5384615384615385,5.0,3.4615384615384617
Global Standard,2026-09-21 13:09:40,vqe_indep_4_mqt.py,5,13,3,1.9230769230769231,5.0,3.0769230769230766
Global Standard,2026-09-21 13:09:40,su2random_3_mqt.py,4,13,3,1.5384615384615385,5.0,3.4615384615384617
Global Standard,2026-09-21 13:09:46,qaoa_indep_5_mqt.py,6,41,8,0.7317073170731707,5.0,4.2682926829268295
Global Standard,2026-09-21 13:09:46,dj_indep_5_mqt.py,6,41,8,0.7317073170731707,5.0,4.2682926829268295
Global Standard,2026-09-21 13:09:46,qaoa_indep_4_mqt.py,5,41,8,0.6097560975609756,5.0,4.390243902439025
Global Standard,2026-09-21 13:09:46,vqe_indep_3_mqt.py,4,41,8,0.4878048780487805,5.0,4.512195121951219
Global Standard,2026-09-21 13:09:46,vqe_indep_5_mqt.py,6,41,8,0.7317073170731707,5.0,4.2682926829268295
Global Standard,2026-09-21 13:09:46,vqe_indep_5_mqt.py,6,41,8,0.7317073170731707,5.0,4.2682926829268295
Global Standard,2026-09-21 13:09:46,qaoa_indep_4_mqt.py,5,41,8,0.6097560975609756,5.0,4.390243902439025
Global Standard,2026-09-21 13:09:46,bv_2_vq.py,3,41,8,0.36585365853658536,5.0,4.634146341463414
Global Standard,2026-09-21 13:09:49,adder_n10_vq.py,11,45,6,1.222222222222222,5.0,3.7777777777777777
Global Standard,2026-09-21 13:09:49,dj_indep_5_mqt.py,6,45,6,0.6666666666666666,5.0,4.333333333333333
Global Standard,2026-09-21 13:09:49,dj_indep_7_mqt.py,8,45,6,0.888888888888889,5.0,4.111111111111111
Global Standard,2026-09-21 13:09:49,bv_3_vq.py,4,45,6,0.4444444444444445,5.0,4.555555555555555
Global Standard,2026-09-21 13:09:49,adder_n4_vq.py,5,45,6,0.5555555555555556,5.0,4.444444444444445
Global Standard,2026-09-21 13:09:49,adder_n10_vq.py,11,45,6,1.222222222222222,5.0,3.7777777777777777
Global Standard,2026-09-21 13:09:54,bv_4_vq.py,5,41,6,0.6097560975609756,5.0,4.390243902439025
Global Standard,2026-09-21 13:09:54,bv_5_vq.py,6,41,6,0.7317073170731707,5.0,4.2682926829268295
Global Standard,2026-09-21 13:09:54,adder_n7_vq.py,8,41,6,0.975609756097561,5.0,4.024390243902439
Global Standard,2026-09-21 13:09:54,adder_n7_vq.py,8,41,6,0.975609756097561,5.0,4.024390243902439
Global Standard,2026-09-21 13:09:54,bv_9_vq.py,10,41,6,1.2195121951219512,5.0,3.7804878048780486
Global Standard,2026-09-21 13:09:54,grover-noancilla_3_mqt.py,4,41,6,0.4878048780487805,5.0,4.512195121951219
Global Standard,2026-09-21 13:09:58,grover-v-chain_3_mqt.py,4,52,9,0.38461538461538464,5.0,4.615384615384615
Global Standard,2026-09-21 13:09:58,grover-noancilla_4_mqt.py,5,52,9,0.4807692307692308,5.0,4.519230769230769
Global Standard,2026-09-21 13:09:58,grover_9_vq.py,10,52,9,0.9615384615384616,5.0,4.038461538461538
Global Standard,2026-09-21 13:09:58,qft_2_mqt.py,3,52,9,0.2884615384615385,5.0,4.711538461538462
Global Standard,2026-09-21 13:09:58,pe_2_vq.py,4,52,9,0.38461538461538464,5.0,4.615384615384615
Global Standard,2026-09-21 13:09:58,grover_7_vq.py,8,52,9,0.7692307692307693,5.0,4.230769230769231
Global Standard,2026-09-21 13:09:58,pe_5_mqt.py,6,52,9,0.576923076923077,5.0,4.423076923076923
Global Standard,2026-09-21 13:09:58,pe_7_mqt.py,8,52,9,0.7692307692307693,5.0,4.230769230769231
Global Standard,2026-09-21 13:09:58,qft_3_mqt.py,4,52,9,0.38461538461538464,5.0,4.615384615384615
Global Standard,2026-09-21 13:10:03,pe_5_vq.py,7,42,6,0.8333333333333333,5.0,4.166666666666667
Global Standard,2026-09-21 13:10:03,pe_4_mqt.py,5,42,6,0.5952380952380952,5.0,4.404761904761905
Global Standard,2026-09-21 13:10:03,pe_6_vq.py,8,42,6,0.9523809523809523,5.0,4.0476190476190474
Global Standard,2026-09-21 13:10:03,pe_7_mqt.py,8,42,6,0.9523809523809523,5.0,4.0476190476190474
Global Standard,2026-09-21 13:10:03,pe_6_mqt.py,7,42,6,0.8333333333333333,5.0,4.166666666666667
Global Standard,2026-09-21 13:10:03,qft_6_mqt.py,7,42,6,0.8333333333333333,5.0,4.166666666666667
Global Standard,2026-09-21 13:10:07,qft_4_mqt.py,5,41,8,0.6097560975609756,5.0,4.390243902439025
Global Standard,2026-09-21 13:10:07,pe_3_mqt.py,4,41,8,0.4878048780487805,5.0,4.512195121951219
Global Standard,2026-09-21 13:10:07,dj_indep_4_mqt.py,5,41,8,0.6097560975609756,5.0,4.390243902439025
Global Standard,2026-09-21 13:10:07,grover-v-chain_4_mqt.py,5,41,8,0.6097560975609756,5.0,4.390243902439025
Global Standard,2026-09-21 13:10:07,kickback_7_vq.py,8,41,8,0.975609756097561,5.0,4.024390243902439
Global Standard,2026-09-21 13:10:07,qft_3_vq.py,4,41,8,0.4878048780487805,5.0,4.512195121951219
Global Standard,2026-09-21 13:10:07,shor_mod15_mqt.py,6,41,8,0.7317073170731707,5.0,4.2682926829268295
Global Standard,2026-09-21 13:10:07,grover_3_vq.py,4,41,8,0.4878048780487805,5.0,4.512195121951219
Global Standard,2026-09-21 13:10:11,qft_7_vq.py,8,8,1,5.0,5.0,0.0
Global T1 decay,2026-09-21 12:53:28,kickback_7_vq.py,8,39,6,1.0256410256410255,5.0,3.9743589743589745
Global T1 decay,2026-09-21 12:53:28,qaoa_indep_5_mqt.py,6,39,6,0.7692307692307693,5.0,4.230769230769231
Global T1 decay,2026-09-21 12:53:28,dj_indep_7_mqt.py,8,39,6,1.0256410256410255,5.0,3.9743589743589745
Global T1 decay,2026-09-21 12:53:28,pe_5_vq.py,7,39,6,0.8974358974358975,5.0,4.102564102564102
Global T1 decay,2026-09-21 12:53:28,tsp_indep_5_mqt.py,6,39,6,0.7692307692307693,5.0,4.230769230769231
Global T1 decay,2026-09-21 12:53:28,su2random_3_mqt.py,4,39,6,0.5128205128205128,5.0,4.487179487179487
Global T1 decay,2026-09-21 12:53:32,qwalk-v-chain_3_mqt.py,4,51,9,0.39215686274509803,5.0,4.607843137254902
Global T1 decay,2026-09-21 12:53:32,pe_6_vq.py,8,51,9,0.7843137254901961,5.0,4.215686274509804
Global T1 decay,2026-09-21 12:53:32,qft_7_vq.py,8,51,9,0.7843137254901961,5.0,4.215686274509804
Global T1 decay,2026-09-21 12:53:32,grover_3_vq.py,4,51,9,0.39215686274509803,5.0,4.607843137254902
Global T1 decay,2026-09-21 12:53:32,bv_3_vq.py,4,51,9,0.39215686274509803,5.0,4.607843137254902
Global T1 decay,2026-09-21 12:53:32,tsp_indep_5_mqt.py,6,51,9,0.5882352941176471,5.0,4.411764705882353
Global T1 decay,2026-09-21 12:53:32,shor_mod21_mqt.py,9,51,9,0.8823529411764707,5.0,4.117647058823529
Global T1 decay,2026-09-21 12:53:32,bv_4_vq.py,5,51,9,0.49019607843137253,5.0,4.509803921568627
Global T1 decay,2026-09-21 12:53:32,bv_2_vq.py,3,51,9,0.29411764705882354,5.0,4.705882352941177
Global T1 decay,2026-09-21 12:53:38,qft_4_mqt.py,5,30,6,0.8333333333333333,5.0,4.166666666666667
Global T1 decay,2026-09-21 12:53:38,shor_mod15_mqt.py,6,30,6,1.0,5.0,4.0
Global T1 decay,2026-09-21 12:53:38,qft_3_mqt.py,4,30,6,0.6666666666666666,5.0,4.333333333333333
Global T1 decay,2026-09-21 12:53:38,pe_2_vq.py,4,30,6,0.6666666666666666,5.0,4.333333333333333
Global T1 decay,2026-09-21 12:53:38,bv_5_vq.py,6,30,6,1.0,5.0,4.0
Global T1 decay,2026-09-21 12:53:38,grover-noancilla_4_mqt.py,5,30,6,0.8333333333333333,5.0,4.166666666666667
Global T1 decay,2026-09-21 12:53:39,pe_3_mqt.py,4,11,3,1.8181818181818183,5.0,3.1818181818181817
Global T1 decay,2026-09-21 12:53:39,grover-noancilla_3_mqt.py,4,11,3,1.8181818181818183,5.0,3.1818181818181817
Global T1 decay,2026-09-21 12:53:39,qft_2_mqt.py,3,11,3,1.3636363636363635,5.0,3.6363636363636367
Global T1 decay,2026-09-21 12:53:44,pe_5_mqt.py,6,40,7,0.75,5.0,4.25
Global T1 decay,2026-09-21 12:53:44,grover-v-chain_4_mqt.py,5,40,7,0.625,5.0,4.375
Global T1 decay,2026-09-21 12:53:44,3_17tc_vq.py,4,40,7,0.5,5.0,4.5
Global T1 decay,2026-09-21 12:53:44,qft_6_mqt.py,7,40,7,0.875,5.0,4.125
Global T1 decay,2026-09-21 12:53:44,qwalk-v-chain_5_mqt.py,6,40,7,0.75,5.0,4.25
Global T1 decay,2026-09-21 12:53:44,pe_6_mqt.py,7,40,7,0.875,5.0,4.125
Global T1 decay,2026-09-21 12:53:44,vqe_indep_4_mqt.py,5,40,7,0.625,5.0,4.375
Global T1 decay,2026-09-21 12:53:51,adder_n4_vq.py,5,27,5,0.9259259259259258,5.0,4.074074074074074
Global T1 decay,2026-09-21 12:53:51,dj_indep_4_mqt.py,5,27,5,0.9259259259259258,5.0,4.074074074074074
Global T1 decay,2026-09-21 12:53:51,grover_7_vq.py,8,27,5,1.4814814814814814,5.0,3.5185185185185186
Global T1 decay,2026-09-21 12:53:51,su2_5_vq.py,5,27,5,0.9259259259259258,5.0,4.074074074074074
Global T1 decay,2026-09-21 12:53:51,3_17tc_vq.py,4,27,5,0.7407407407407407,5.0,4.2592592592592595
Global T1 decay,2026-09-21 12:53:52,qaoa_indep_3_mqt.py,4,8,2,2.5,5.0,2.5
Global T1 decay,2026-09-21 12:53:52,qwalk-v-chain_3_mqt.py,4,8,2,2.5,5.0,2.5
Global T1 decay,2026-09-21 12:53:57,simon_vq.py,7,46,7,0.7608695652173914,5.0,4.239130434782608
Global T1 decay,2026-09-21 12:53:57,simon_vq.py,7,46,7,0.7608695652173914,5.0,4.239130434782608
Global T1 decay,2026-09-21 12:53:57,bv_9_vq.py,10,46,7,1.0869565217391304,5.0,3.9130434782608696
Global T1 decay,2026-09-21 12:53:57,pe_4_mqt.py,5,46,7,0.5434782608695652,5.0,4.456521739130435
Global T1 decay,2026-09-21 12:53:57,shor_mod21_mqt.py,9,46,7,0.9782608695652174,5.0,4.021739130434782
Global T1 decay,2026-09-21 12:53:57,grover-v-chain_3_mqt.py,4,46,7,0.43478260869565216,5.0,4.565217391304348
Global T1 decay,2026-09-21 12:53:57,qft_3_vq.py,4,46,7,0.43478260869565216,5.0,4.565217391304348
Global T1 decay,2026-09-21 12:54:30,tsp_indep_4_mqt.py,5,45,9,0.5555555555555556,5.0,4.444444444444445
Global T1 decay,2026-09-21 12:54:30,tsp_indep_4_mqt.py,5,45,9,0.5555555555555556,5.0,4.444444444444445
Global T1 decay,2026-09-21 12:54:30,qwalk-noancilla_3_mqt.py,4,45,9,0.4444444444444445,5.0,4.555555555555555
Global T1 decay,2026-09-21 12:54:30,grover_9_vq.py,10,45,9,1.1111111111111112,5.0,3.888888888888889
Global T1 decay,2026-09-21 12:54:30,qwalk-noancilla_3_mqt.py,4,45,9,0.4444444444444445,5.0,4.555555555555555
Global T1 decay,2026-09-21 12:54:30,su2_5_vq.py,5,45,9,0.5555555555555556,5.0,4.444444444444445
Global T1 decay,2026-09-21 12:54:30,qaoa_indep_3_mqt.py,4,45,9,0.4444444444444445,5.0,4.555555555555555
Global T1 decay,2026-09-21 12:54:30,su2random_3_mqt.py,4,45,9,0.4444444444444445,5.0,4.555555555555555
Global T1 decay,2026-09-21 12:54:30,vqe_indep_3_mqt.py,4,45,9,0.4444444444444445,5.0,4.555555555555555
Global T1 decay,2026-09-21 12:54:34,qwalk-v-chain_5_mqt.py,6,40,8,0.75,5.0,4.25
Global T1 decay,2026-09-21 12:54:34,qaoa_indep_5_mqt.py,6,40,8,0.75,5.0,4.25
Global T1 decay,2026-09-21 12:54:34,qaoa_indep_4_mqt.py,5,40,8,0.625,5.0,4.375
Global T1 decay,2026-09-21 12:54:34,vqe_indep_4_mqt.py,5,40,8,0.625,5.0,4.375
Global T1 decay,2026-09-21 12:54:34,vqe_indep_5_mqt.py,6,40,8,0.75,5.0,4.25
Global T1 decay,2026-09-21 12:54:34,qaoa_indep_4_mqt.py,5,40,8,0.625,5.0,4.375
Global T1 decay,2026-09-21 12:54:34,vqe_indep_3_mqt.py,4,40,8,0.5,5.0,4.5
Global T1 decay,2026-09-21 12:54:34,bv_2_vq.py,3,40,8,0.375,5.0,4.625
Global T1 decay,2026-09-21 12:54:38,vqe_indep_5_mqt.py,6,44,7,0.6818181818181818,5.0,4.318181818181818
Global T1 decay,2026-09-21 12:54:38,dj_indep_5_mqt.py,6,44,7,0.6818181818181818,5.0,4.318181818181818
Global T1 decay,2026-09-21 12:54:38,dj_indep_5_mqt.py,6,44,7,0.6818181818181818,5.0,4.318181818181818
Global T1 decay,2026-09-21 12:54:38,adder_n10_vq.py,11,44,7,1.25,5.0,3.75
Global T1 decay,2026-09-21 12:54:38,adder_n4_vq.py,5,44,7,0.5681818181818181,5.0,4.431818181818182
Global T1 decay,2026-09-21 12:54:38,bv_5_vq.py,6,44,7,0.6818181818181818,5.0,4.318181818181818
Global T1 decay,2026-09-21 12:54:38,bv_3_vq.py,4,44,7,0.4545454545454546,5.0,4.545454545454545
Global T1 decay,2026-09-21 12:54:41,adder_n10_vq.py,11,50,6,1.1,5.0,3.9
Global T1 decay,2026-09-21 12:54:41,dj_indep_7_mqt.py,8,50,6,0.8,5.0,4.2
Global T1 decay,2026-09-21 12:54:41,adder_n7_vq.py,8,50,6,0.8,5.0,4.2
Global T1 decay,2026-09-21 12:54:41,bv_9_vq.py,10,50,6,1.0,5.0,4.0
Global T1 decay,2026-09-21 12:54:41,adder_n7_vq.py,8,50,6,0.8,5.0,4.2
Global T1 decay,2026-09-21 12:54:41,grover-v-chain_4_mqt.py,5,50,6,0.5,5.0,4.5
Global T1 decay,2026-09-21 12:54:47,grover_3_vq.py,4,48,9,0.41666666666666663,5.0,4.583333333333333
Global T1 decay,2026-09-21 12:54:47,grover_7_vq.py,8,48,9,0.8333333333333333,5.0,4.166666666666667
Global T1 decay,2026-09-21 12:54:47,grover-noancilla_4_mqt.py,5,48,9,0.5208333333333334,5.0,4.479166666666667
Global T1 decay,2026-09-21 12:54:47,pe_5_vq.py,7,48,9,0.7291666666666667,5.0,4.270833333333333
Global T1 decay,2026-09-21 12:54:47,qft_7_vq.py,8,48,9,0.8333333333333333,5.0,4.166666666666667
Global T1 decay,2026-09-21 12:54:47,grover-v-chain_3_mqt.py,4,48,9,0.41666666666666663,5.0,4.583333333333333
Global T1 decay,2026-09-21 12:54:47,bv_4_vq.py,5,48,9,0.5208333333333334,5.0,4.479166666666667
Global T1 decay,2026-09-21 12:54:47,grover-noancilla_3_mqt.py,4,48,9,0.41666666666666663,5.0,4.583333333333333
Global T1 decay,2026-09-21 12:54:47,qft_2_mqt.py,3,48,9,0.3125,5.0,4.6875
Global T1 decay,2026-09-21 12:54:51,grover_9_vq.py,10,46,8,1.0869565217391304,5.0,3.9130434782608696
Global T1 decay,2026-09-21 12:54:51,pe_6_vq.py,8,46,8,0.8695652173913043,5.0,4.130434782608695
Global T1 decay,2026-09-21 12:54:51,qft_4_mqt.py,5,46,8,0.5434782608695652,5.0,4.456521739130435
Global T1 decay,2026-09-21 12:54:51,qft_3_vq.py,4,46,8,0.43478260869565216,5.0,4.565217391304348
Global T1 decay,2026-09-21 12:54:51,pe_4_mqt.py,5,46,8,0.5434782608695652,5.0,4.456521739130435
Global T1 decay,2026-09-21 12:54:51,pe_5_mqt.py,6,46,8,0.6521739130434783,5.0,4.3478260869565215
Global T1 decay,2026-09-21 12:54:51,pe_2_vq.py,4,46,8,0.43478260869565216,5.0,4.565217391304348
Global T1 decay,2026-09-21 12:54:51,pe_3_mqt.py,4,46,8,0.43478260869565216,5.0,4.565217391304348
Global T1 decay,2026-09-21 12:54:55,pe_7_mqt.py,8,37,6,1.0810810810810811,5.0,3.918918918918919
Global T1 decay,2026-09-21 12:54:55,pe_6_mqt.py,7,37,6,0.945945945945946,5.0,4.054054054054054
Global T1 decay,2026-09-21 12:54:55,qft_6_mqt.py,7,37,6,0.945945945945946,5.0,4.054054054054054
Global T1 decay,2026-09-21 12:54:55,shor_mod15_mqt.py,6,37,6,0.8108108108108109,5.0,4.1891891891891895
Global T1 decay,2026-09-21 12:54:55,dj_indep_4_mqt.py,5,37,6,0.6756756756756757,5.0,4.324324324324325
Global T1 decay,2026-09-21 12:54:55,qft_3_mqt.py,4,37,6,0.5405405405405406,5.0,4.45945945945946
Global T1 decay,2026-09-21 12:54:58,kickback_7_vq.py,8,16,2,2.5,5.0,2.5
Global T1 decay,2026-09-21 12:54:58,pe_7_mqt.py,8,16,2,2.5,5.0,2.5
Dynamic T1,2026-09-21 12:46:31,qwalk-v-chain_3_mqt.py,4,50,9,0.4,5.0,4.6
Dynamic T1,2026-09-21 12:46:31,shor_mod21_mqt.py,9,50,9,0.8999999999999999,5.0,4.1
Dynamic T1,2026-09-21 12:46:31,grover_3_vq.py,4,50,9,0.4,5.0,4.6
Dynamic T1,2026-09-21 12:46:31,qft_7_vq.py,8,50,9,0.8,5.0,4.2
Dynamic T1,2026-09-21 12:46:31,tsp_indep_4_mqt.py,5,50,9,0.5,5.0,4.5
Dynamic T1,2026-09-21 12:46:31,dj_indep_7_mqt.py,8,50,9,0.8,5.0,4.2
Dynamic T1,2026-09-21 12:46:31,pe_4_mqt.py,5,50,9,0.5,5.0,4.5
Dynamic T1,2026-09-21 12:46:31,qft_3_vq.py,4,50,9,0.4,5.0,4.6
Dynamic T1,2026-09-21 12:46:31,qft_2_mqt.py,3,50,9,0.3,5.0,4.7
Dynamic T1,2026-09-21 12:46:36,su2_5_vq.py,5,40,8,0.625,5.0,4.375
Dynamic T1,2026-09-21 12:46:36,simon_vq.py,7,40,8,0.875,5.0,4.125
Dynamic T1,2026-09-21 12:46:36,bv_5_vq.py,6,40,8,0.75,5.0,4.25
Dynamic T1,2026-09-21 12:46:36,bv_4_vq.py,5,40,8,0.625,5.0,4.375
Dynamic T1,2026-09-21 12:46:36,grover-noancilla_4_mqt.py,5,40,8,0.625,5.0,4.375
Dynamic T1,2026-09-21 12:46:36,qft_3_mqt.py,4,40,8,0.5,5.0,4.5
Dynamic T1,2026-09-21 12:46:36,bv_3_vq.py,4,40,8,0.5,5.0,4.5
Dynamic T1,2026-09-21 12:46:36,pe_2_vq.py,4,40,8,0.5,5.0,4.5
Dynamic T1,2026-09-21 12:46:44,pe_6_vq.py,8,44,7,0.9090909090909092,5.0,4.090909090909091
Dynamic T1,2026-09-21 12:46:44,pe_5_vq.py,7,44,7,0.7954545454545454,5.0,4.204545454545455
Dynamic T1,2026-09-21 12:46:44,tsp_indep_5_mqt.py,6,44,7,0.6818181818181818,5.0,4.318181818181818
Dynamic T1,2026-09-21 12:46:44,3_17tc_vq.py,4,44,7,0.4545454545454546,5.0,4.545454545454545
Dynamic T1,2026-09-21 12:46:44,bv_9_vq.py,10,44,7,1.1363636363636362,5.0,3.8636363636363638
Dynamic T1,2026-09-21 12:46:44,su2random_3_mqt.py,4,44,7,0.4545454545454546,5.0,4.545454545454545
Dynamic T1,2026-09-21 12:46:44,qft_4_mqt.py,5,44,7,0.5681818181818181,5.0,4.431818181818182
Dynamic T1,2026-09-21 12:46:50,grover_7_vq.py,8,13,2,3.076923076923077,5.0,1.923076923076923
Dynamic T1,2026-09-21 12:46:50,tsp_indep_4_mqt.py,5,13,2,1.9230769230769231,5.0,3.0769230769230766
Dynamic T1,2026-09-21 12:46:51,dj_indep_4_mqt.py,5,28,6,0.8928571428571429,5.0,4.107142857142857
Dynamic T1,2026-09-21 12:46:51,qaoa_indep_3_mqt.py,4,28,6,0.7142857142857142,5.0,4.285714285714286
Dynamic T1,2026-09-21 12:46:51,adder_n4_vq.py,5,28,6,0.8928571428571429,5.0,4.107142857142857
Dynamic T1,2026-09-21 12:46:51,qwalk-v-chain_3_mqt.py,4,28,6,0.7142857142857142,5.0,4.285714285714286
Dynamic T1,2026-09-21 12:46:51,qwalk-v-chain_5_mqt.py,6,28,6,1.0714285714285714,5.0,3.928571428571429
Dynamic T1,2026-09-21 12:46:51,grover-v-chain_3_mqt.py,4,28,6,0.7142857142857142,5.0,4.285714285714286
Dynamic T1,2026-09-21 12:46:57,shor_mod15_mqt.py,6,44,8,0.6818181818181818,5.0,4.318181818181818
Dynamic T1,2026-09-21 12:46:57,shor_mod21_mqt.py,9,44,8,1.0227272727272727,5.0,3.9772727272727275
Dynamic T1,2026-09-21 12:46:57,vqe_indep_4_mqt.py,5,44,8,0.5681818181818181,5.0,4.431818181818182
Dynamic T1,2026-09-21 12:46:57,tsp_indep_5_mqt.py,6,44,8,0.6818181818181818,5.0,4.318181818181818
Dynamic T1,2026-09-21 12:46:57,grover-noancilla_3_mqt.py,4,44,8,0.4545454545454546,5.0,4.545454545454545
Dynamic T1,2026-09-21 12:46:57,grover-v-chain_4_mqt.py,5,44,8,0.5681818181818181,5.0,4.431818181818182
Dynamic T1,2026-09-21 12:46:57,pe_5_mqt.py,6,44,8,0.6818181818181818,5.0,4.318181818181818
Dynamic T1,2026-09-21 12:46:57,bv_2_vq.py,3,44,8,0.3409090909090909,5.0,4.659090909090909
Dynamic T1,2026-09-21 12:47:01,qwalk-noancilla_3_mqt.py,4,49,8,0.4081632653061224,5.0,4.591836734693878
Dynamic T1,2026-09-21 12:47:01,qaoa_indep_5_mqt.py,6,49,8,0.6122448979591837,5.0,4.387755102040816
Dynamic T1,2026-09-21 12:47:01,qwalk-noancilla_3_mqt.py,4,49,8,0.4081632653061224,5.0,4.591836734693878
Dynamic T1,2026-09-21 12:47:01,simon_vq.py,7,49,8,0.7142857142857142,5.0,4.285714285714286
Dynamic T1,2026-09-21 12:47:01,grover_9_vq.py,10,49,8,1.0204081632653061,5.0,3.979591836734694
Dynamic T1,2026-09-21 12:47:01,3_17tc_vq.py,4,49,8,0.4081632653061224,5.0,4.591836734693878
Dynamic T1,2026-09-21 12:47:01,pe_6_mqt.py,7,49,8,0.7142857142857142,5.0,4.285714285714286
Dynamic T1,2026-09-21 12:47:01,qft_6_mqt.py,7,49,8,0.7142857142857142,5.0,4.285714285714286
Dynamic T1,2026-09-21 12:47:05,su2random_3_mqt.py,4,49,10,0.4081632653061224,5.0,4.591836734693878
Dynamic T1,2026-09-21 12:47:05,kickback_7_vq.py,8,49,10,0.8163265306122448,5.0,4.183673469387755
Dynamic T1,2026-09-21 12:47:05,su2_5_vq.py,5,49,10,0.5102040816326531,5.0,4.489795918367347
Dynamic T1,2026-09-21 12:47:05,qaoa_indep_3_mqt.py,4,49,10,0.4081632653061224,5.0,4.591836734693878
Dynamic T1,2026-09-21 12:47:05,pe_3_mqt.py,4,49,10,0.4081632653061224,5.0,4.591836734693878
Dynamic T1,2026-09-21 12:47:05,qwalk-v-chain_5_mqt.py,6,49,10,0.6122448979591837,5.0,4.387755102040816
Dynamic T1,2026-09-21 12:47:05,vqe_indep_3_mqt.py,4,49,10,0.4081632653061224,5.0,4.591836734693878
Dynamic T1,2026-09-21 12:47:05,vqe_indep_4_mqt.py,5,49,10,0.5102040816326531,5.0,4.489795918367347
Dynamic T1,2026-09-21 12:47:05,qaoa_indep_5_mqt.py,6,49,10,0.6122448979591837,5.0,4.387755102040816
Dynamic T1,2026-09-21 12:47:05,bv_2_vq.py,3,49,10,0.30612244897959184,5.0,4.6938775510204085
Dynamic T1,2026-09-21 12:47:09,qaoa_indep_4_mqt.py,5,37,6,0.6756756756756757,5.0,4.324324324324325
Dynamic T1,2026-09-21 12:47:09,vqe_indep_5_mqt.py,6,37,6,0.8108108108108109,5.0,4.1891891891891895
Dynamic T1,2026-09-21 12:47:09,qaoa_indep_4_mqt.py,5,37,6,0.6756756756756757,5.0,4.324324324324325
Dynamic T1,2026-09-21 12:47:09,adder_n10_vq.py,11,37,6,1.4864864864864866,5.0,3.513513513513513
Dynamic T1,2026-09-21 12:47:09,vqe_indep_3_mqt.py,4,37,6,0.5405405405405406,5.0,4.45945945945946
Dynamic T1,2026-09-21 12:47:09,vqe_indep_5_mqt.py,6,37,6,0.8108108108108109,5.0,4.1891891891891895
Dynamic T1,2026-09-21 12:47:13,dj_indep_5_mqt.py,6,39,5,0.7692307692307693,5.0,4.230769230769231
Dynamic T1,2026-09-21 12:47:13,dj_indep_5_mqt.py,6,39,5,0.7692307692307693,5.0,4.230769230769231
Dynamic T1,2026-09-21 12:47:13,adder_n7_vq.py,8,39,5,1.0256410256410255,5.0,3.9743589743589745
Dynamic T1,2026-09-21 12:47:13,dj_indep_7_mqt.py,8,39,5,1.0256410256410255,5.0,3.9743589743589745
Dynamic T1,2026-09-21 12:47:13,adder_n10_vq.py,11,39,5,1.4102564102564101,5.0,3.58974358974359
Dynamic T1,2026-09-21 12:47:16,adder_n4_vq.py,5,46,10,0.5434782608695652,5.0,4.456521739130435
Dynamic T1,2026-09-21 12:47:16,grover_3_vq.py,4,46,10,0.43478260869565216,5.0,4.565217391304348
Dynamic T1,2026-09-21 12:47:16,grover-v-chain_3_mqt.py,4,46,10,0.43478260869565216,5.0,4.565217391304348
Dynamic T1,2026-09-21 12:47:16,bv_5_vq.py,6,46,10,0.6521739130434783,5.0,4.3478260869565215
Dynamic T1,2026-09-21 12:47:16,pe_4_mqt.py,5,46,10,0.5434782608695652,5.0,4.456521739130435
Dynamic T1,2026-09-21 12:47:16,pe_2_vq.py,4,46,10,0.43478260869565216,5.0,4.565217391304348
Dynamic T1,2026-09-21 12:47:16,shor_mod15_mqt.py,6,46,10,0.6521739130434783,5.0,4.3478260869565215
Dynamic T1,2026-09-21 12:47:16,dj_indep_4_mqt.py,5,46,10,0.5434782608695652,5.0,4.456521739130435
Dynamic T1,2026-09-21 12:47:16,bv_3_vq.py,4,46,10,0.43478260869565216,5.0,4.565217391304348
Dynamic T1,2026-09-21 12:47:16,qft_2_mqt.py,3,46,10,0.32608695652173914,5.0,4.673913043478261
Dynamic T1,2026-09-21 12:47:20,adder_n7_vq.py,8,46,7,0.8695652173913043,5.0,4.130434782608695
Dynamic T1,2026-09-21 12:47:20,qft_7_vq.py,8,46,7,0.8695652173913043,5.0,4.130434782608695
Dynamic T1,2026-09-21 12:47:20,pe_5_vq.py,7,46,7,0.7608695652173914,5.0,4.239130434782608
Dynamic T1,2026-09-21 12:47:20,pe_5_mqt.py,6,46,7,0.6521739130434783,5.0,4.3478260869565215
Dynamic T1,2026-09-21 12:47:20,kickback_7_vq.py,8,46,7,0.8695652173913043,5.0,4.130434782608695
Dynamic T1,2026-09-21 12:47:20,bv_4_vq.py,5,46,7,0.5434782608695652,5.0,4.456521739130435
Dynamic T1,2026-09-21 12:47:20,pe_3_mqt.py,4,46,7,0.43478260869565216,5.0,4.565217391304348
Dynamic T1,2026-09-21 12:47:24,pe_6_vq.py,8,46,7,0.8695652173913043,5.0,4.130434782608695
Dynamic T1,2026-09-21 12:47:24,qft_6_mqt.py,7,46,7,0.7608695652173914,5.0,4.239130434782608
Dynamic T1,2026-09-21 12:47:24,bv_9_vq.py,10,46,7,1.0869565217391304,5.0,3.9130434782608696
Dynamic T1,2026-09-21 12:47:24,grover-noancilla_4_mqt.py,5,46,7,0.5434782608695652,5.0,4.456521739130435
Dynamic T1,2026-09-21 12:47:24,pe_6_mqt.py,7,46,7,0.7608695652173914,5.0,4.239130434782608
Dynamic T1,2026-09-21 12:47:24,qft_4_mqt.py,5,46,7,0.5434782608695652,5.0,4.456521739130435
Dynamic T1,2026-09-21 12:47:24,qft_3_vq.py,4,46,7,0.43478260869565216,5.0,4.565217391304348
Dynamic T1,2026-09-21 12:47:28,grover_7_vq.py,8,47,7,0.851063829787234,5.0,4.148936170212766
Dynamic T1,2026-09-21 12:47:28,pe_7_mqt.py,8,47,7,0.851063829787234,5.0,4.148936170212766
Dynamic T1,2026-09-21 12:47:28,qft_3_mqt.py,4,47,7,0.425531914893617,5.0,4.574468085106383
Dynamic T1,2026-09-21 12:47:28,grover-noancilla_3_mqt.py,4,47,7,0.425531914893617,5.0,4.574468085106383
Dynamic T1,2026-09-21 12:47:28,grover_9_vq.py,10,47,7,1.0638297872340425,5.0,3.9361702127659575
Dynamic T1,2026-09-21 12:47:28,pe_7_mqt.py,8,47,7,0.851063829787234,5.0,4.148936170212766
Dynamic T1,2026-09-21 12:47:28,grover-v-chain_4_mqt.py,5,47,7,0.5319148936170213,5.0,4.468085106382979
Dynamic Ramsey,2026-09-21 12:43:42,qwalk-v-chain_5_mqt.py,6,32,6,0.9375,5.0,4.0625
Dynamic Ramsey,2026-09-21 12:43:42,3_17tc_vq.py,4,32,6,0.625,5.0,4.375
Dynamic Ramsey,2026-09-21 12:43:42,tsp_indep_4_mqt.py,5,32,6,0.78125,5.0,4.21875
Dynamic Ramsey,2026-09-21 12:43:42,shor_mod21_mqt.py,9,32,6,1.40625,5.0,3.59375
Dynamic Ramsey,2026-09-21 12:43:42,qwalk-noancilla_3_mqt.py,4,32,6,0.625,5.0,4.375
Dynamic Ramsey,2026-09-21 12:43:42,bv_3_vq.py,4,32,6,0.625,5.0,4.375
Dynamic Ramsey,2026-09-21 12:43:46,bv_5_vq.py,6,14,3,2.142857142857143,5.0,2.857142857142857
Dynamic Ramsey,2026-09-21 12:43:46,qwalk-v-chain_3_mqt.py,4,14,3,1.4285714285714284,5.0,3.5714285714285716
Dynamic Ramsey,2026-09-21 12:43:46,grover-noancilla_3_mqt.py,4,14,3,1.4285714285714284,5.0,3.5714285714285716
Dynamic Ramsey,2026-09-21 12:43:47,su2_5_vq.py,5,27,5,0.9259259259259258,5.0,4.074074074074074
Dynamic Ramsey,2026-09-21 12:43:47,dj_indep_7_mqt.py,8,27,5,1.4814814814814814,5.0,3.5185185185185186
Dynamic Ramsey,2026-09-21 12:43:47,adder_n4_vq.py,5,27,5,0.9259259259259258,5.0,4.074074074074074
Dynamic Ramsey,2026-09-21 12:43:47,pe_3_mqt.py,4,27,5,0.7407407407407407,5.0,4.2592592592592595
Dynamic Ramsey,2026-09-21 12:43:47,grover-v-chain_4_mqt.py,5,27,5,0.9259259259259258,5.0,4.074074074074074
Dynamic Ramsey,2026-09-21 12:43:50,simon_vq.py,7,42,7,0.8333333333333333,5.0,4.166666666666667
Dynamic Ramsey,2026-09-21 12:43:50,shor_mod15_mqt.py,6,42,7,0.7142857142857142,5.0,4.285714285714286
Dynamic Ramsey,2026-09-21 12:43:50,su2random_3_mqt.py,4,42,7,0.47619047619047616,5.0,4.523809523809524
Dynamic Ramsey,2026-09-21 12:43:50,vqe_indep_4_mqt.py,5,42,7,0.5952380952380952,5.0,4.404761904761905
Dynamic Ramsey,2026-09-21 12:43:50,bv_9_vq.py,10,42,7,1.1904761904761905,5.0,3.8095238095238093
Dynamic Ramsey,2026-09-21 12:43:50,tsp_indep_5_mqt.py,6,42,7,0.7142857142857142,5.0,4.285714285714286
Dynamic Ramsey,2026-09-21 12:43:50,qaoa_indep_3_mqt.py,4,42,7,0.47619047619047616,5.0,4.523809523809524
Dynamic Ramsey,2026-09-21 12:43:55,grover_9_vq.py,10,47,8,1.0638297872340425,5.0,3.9361702127659575
Dynamic Ramsey,2026-09-21 12:43:55,kickback_7_vq.py,8,47,8,0.851063829787234,5.0,4.148936170212766
Dynamic Ramsey,2026-09-21 12:43:55,qft_7_vq.py,8,47,8,0.851063829787234,5.0,4.148936170212766
Dynamic Ramsey,2026-09-21 12:43:55,grover-noancilla_4_mqt.py,5,47,8,0.5319148936170213,5.0,4.468085106382979
Dynamic Ramsey,2026-09-21 12:43:55,qft_3_mqt.py,4,47,8,0.425531914893617,5.0,4.574468085106383
Dynamic Ramsey,2026-09-21 12:43:55,pe_2_vq.py,4,47,8,0.425531914893617,5.0,4.574468085106383
Dynamic Ramsey,2026-09-21 12:43:55,grover-v-chain_3_mqt.py,4,47,8,0.425531914893617,5.0,4.574468085106383
Dynamic Ramsey,2026-09-21 12:43:55,qwalk-noancilla_3_mqt.py,4,47,8,0.425531914893617,5.0,4.574468085106383
Dynamic Ramsey,2026-09-21 12:44:01,pe_6_vq.py,8,42,6,0.9523809523809523,5.0,4.0476190476190474
Dynamic Ramsey,2026-09-21 12:44:01,pe_5_mqt.py,6,42,6,0.7142857142857142,5.0,4.285714285714286
Dynamic Ramsey,2026-09-21 12:44:01,dj_indep_4_mqt.py,5,42,6,0.5952380952380952,5.0,4.404761904761905
Dynamic Ramsey,2026-09-21 12:44:01,pe_6_mqt.py,7,42,6,0.8333333333333333,5.0,4.166666666666667
Dynamic Ramsey,2026-09-21 12:44:01,simon_vq.py,7,42,6,0.8333333333333333,5.0,4.166666666666667
Dynamic Ramsey,2026-09-21 12:44:01,shor_mod21_mqt.py,9,42,6,1.0714285714285714,5.0,3.928571428571429
Dynamic Ramsey,2026-09-21 12:44:05,qft_3_vq.py,4,41,10,0.4878048780487805,5.0,4.512195121951219
Dynamic Ramsey,2026-09-21 12:44:05,pe_4_mqt.py,5,41,10,0.6097560975609756,5.0,4.390243902439025
Dynamic Ramsey,2026-09-21 12:44:05,bv_2_vq.py,3,41,10,0.36585365853658536,5.0,4.634146341463414
Dynamic Ramsey,2026-09-21 12:44:05,qaoa_indep_5_mqt.py,6,41,10,0.7317073170731707,5.0,4.2682926829268295
Dynamic Ramsey,2026-09-21 12:44:05,3_17tc_vq.py,4,41,10,0.4878048780487805,5.0,4.512195121951219
Dynamic Ramsey,2026-09-21 12:44:05,qwalk-v-chain_3_mqt.py,4,41,10,0.4878048780487805,5.0,4.512195121951219
Dynamic Ramsey,2026-09-21 12:44:05,grover_3_vq.py,4,41,10,0.4878048780487805,5.0,4.512195121951219
Dynamic Ramsey,2026-09-21 12:44:05,tsp_indep_4_mqt.py,5,41,10,0.6097560975609756,5.0,4.390243902439025
Dynamic Ramsey,2026-09-21 12:44:05,qft_2_mqt.py,3,41,10,0.36585365853658536,5.0,4.634146341463414
Dynamic Ramsey,2026-09-21 12:44:05,bv_2_vq.py,3,41,10,0.36585365853658536,5.0,4.634146341463414
Dynamic Ramsey,2026-09-21 12:44:11,grover_7_vq.py,8,39,7,1.0256410256410255,5.0,3.9743589743589745
Dynamic Ramsey,2026-09-21 12:44:11,bv_4_vq.py,5,39,7,0.641025641025641,5.0,4.3589743589743595
Dynamic Ramsey,2026-09-21 12:44:11,qft_6_mqt.py,7,39,7,0.8974358974358975,5.0,4.102564102564102
Dynamic Ramsey,2026-09-21 12:44:11,tsp_indep_5_mqt.py,6,39,7,0.7692307692307693,5.0,4.230769230769231
Dynamic Ramsey,2026-09-21 12:44:11,qwalk-v-chain_5_mqt.py,6,39,7,0.7692307692307693,5.0,4.230769230769231
Dynamic Ramsey,2026-09-21 12:44:11,qaoa_indep_3_mqt.py,4,39,7,0.5128205128205128,5.0,4.487179487179487
Dynamic Ramsey,2026-09-21 12:44:11,qft_2_mqt.py,3,39,7,0.38461538461538464,5.0,4.615384615384615
Dynamic Ramsey,2026-09-21 12:44:15,pe_5_vq.py,7,36,7,0.9722222222222222,5.0,4.027777777777778
Dynamic Ramsey,2026-09-21 12:44:15,qft_4_mqt.py,5,36,7,0.6944444444444444,5.0,4.305555555555555
Dynamic Ramsey,2026-09-21 12:44:15,su2_5_vq.py,5,36,7,0.6944444444444444,5.0,4.305555555555555
Dynamic Ramsey,2026-09-21 12:44:15,su2random_3_mqt.py,4,36,7,0.5555555555555556,5.0,4.444444444444445
Dynamic Ramsey,2026-09-21 12:44:15,vqe_indep_3_mqt.py,4,36,7,0.5555555555555556,5.0,4.444444444444445
Dynamic Ramsey,2026-09-21 12:44:15,qaoa_indep_5_mqt.py,6,36,7,0.8333333333333333,5.0,4.166666666666667
Dynamic Ramsey,2026-09-21 12:44:15,qaoa_indep_4_mqt.py,5,36,7,0.6944444444444444,5.0,4.305555555555555
Dynamic Ramsey,2026-09-21 12:44:18,vqe_indep_4_mqt.py,5,38,7,0.6578947368421052,5.0,4.342105263157895
Dynamic Ramsey,2026-09-21 12:44:18,vqe_indep_3_mqt.py,4,38,7,0.5263157894736842,5.0,4.473684210526316
Dynamic Ramsey,2026-09-21 12:44:18,vqe_indep_5_mqt.py,6,38,7,0.7894736842105263,5.0,4.2105263157894735
Dynamic Ramsey,2026-09-21 12:44:18,qaoa_indep_4_mqt.py,5,38,7,0.6578947368421052,5.0,4.342105263157895
Dynamic Ramsey,2026-09-21 12:44:18,dj_indep_5_mqt.py,6,38,7,0.7894736842105263,5.0,4.2105263157894735
Dynamic Ramsey,2026-09-21 12:44:18,dj_indep_5_mqt.py,6,38,7,0.7894736842105263,5.0,4.2105263157894735
Dynamic Ramsey,2026-09-21 12:44:18,vqe_indep_5_mqt.py,6,38,7,0.7894736842105263,5.0,4.2105263157894735
Dynamic Ramsey,2026-09-21 12:44:22,adder_n10_vq.py,11,45,6,1.222222222222222,5.0,3.7777777777777777
Dynamic Ramsey,2026-09-21 12:44:22,dj_indep_7_mqt.py,8,45,6,0.888888888888889,5.0,4.111111111111111
Dynamic Ramsey,2026-09-21 12:44:22,adder_n7_vq.py,8,45,6,0.888888888888889,5.0,4.111111111111111
Dynamic Ramsey,2026-09-21 12:44:22,adder_n7_vq.py,8,45,6,0.888888888888889,5.0,4.111111111111111
Dynamic Ramsey,2026-09-21 12:44:22,bv_4_vq.py,5,45,6,0.5555555555555556,5.0,4.444444444444445
Dynamic Ramsey,2026-09-21 12:44:22,adder_n4_vq.py,5,45,6,0.5555555555555556,5.0,4.444444444444445
Dynamic Ramsey,2026-09-21 12:44:25,adder_n10_vq.py,11,45,7,1.222222222222222,5.0,3.7777777777777777
Dynamic Ramsey,2026-09-21 12:44:25,bv_3_vq.py,4,45,7,0.4444444444444445,5.0,4.555555555555555
Dynamic Ramsey,2026-09-21 12:44:25,grover-noancilla_4_mqt.py,5,45,7,0.5555555555555556,5.0,4.444444444444445
Dynamic Ramsey,2026-09-21 12:44:25,bv_9_vq.py,10,45,7,1.1111111111111112,5.0,3.888888888888889
Dynamic Ramsey,2026-09-21 12:44:25,bv_5_vq.py,6,45,7,0.6666666666666666,5.0,4.333333333333333
Dynamic Ramsey,2026-09-21 12:44:25,grover-noancilla_3_mqt.py,4,45,7,0.4444444444444445,5.0,4.555555555555555
Dynamic Ramsey,2026-09-21 12:44:25,grover-v-chain_4_mqt.py,5,45,7,0.5555555555555556,5.0,4.444444444444445
Dynamic Ramsey,2026-09-21 12:44:30,grover-v-chain_3_mqt.py,4,46,8,0.43478260869565216,5.0,4.565217391304348
Dynamic Ramsey,2026-09-21 12:44:30,grover_7_vq.py,8,46,8,0.8695652173913043,5.0,4.130434782608695
Dynamic Ramsey,2026-09-21 12:44:30,grover_9_vq.py,10,46,8,1.0869565217391304,5.0,3.9130434782608696
Dynamic Ramsey,2026-09-21 12:44:30,grover_3_vq.py,4,46,8,0.43478260869565216,5.0,4.565217391304348
Dynamic Ramsey,2026-09-21 12:44:30,pe_2_vq.py,4,46,8,0.43478260869565216,5.0,4.565217391304348
Dynamic Ramsey,2026-09-21 12:44:30,kickback_7_vq.py,8,46,8,0.8695652173913043,5.0,4.130434782608695
Dynamic Ramsey,2026-09-21 12:44:30,pe_3_mqt.py,4,46,8,0.43478260869565216,5.0,4.565217391304348
Dynamic Ramsey,2026-09-21 12:44:30,qft_3_vq.py,4,46,8,0.43478260869565216,5.0,4.565217391304348
Dynamic Ramsey,2026-09-21 12:44:33,pe_6_vq.py,8,42,7,0.9523809523809523,5.0,4.0476190476190474
Dynamic Ramsey,2026-09-21 12:44:33,pe_6_mqt.py,7,42,7,0.8333333333333333,5.0,4.166666666666667
Dynamic Ramsey,2026-09-21 12:44:33,pe_7_mqt.py,8,42,7,0.9523809523809523,5.0,4.0476190476190474
Dynamic Ramsey,2026-09-21 12:44:33,qft_4_mqt.py,5,42,7,0.5952380952380952,5.0,4.404761904761905
Dynamic Ramsey,2026-09-21 12:44:33,pe_4_mqt.py,5,42,7,0.5952380952380952,5.0,4.404761904761905
Dynamic Ramsey,2026-09-21 12:44:33,dj_indep_4_mqt.py,5,42,7,0.5952380952380952,5.0,4.404761904761905
Dynamic Ramsey,2026-09-21 12:44:33,qft_3_mqt.py,4,42,7,0.47619047619047616,5.0,4.523809523809524
Dynamic Ramsey,2026-09-21 12:44:37,pe_5_vq.py,7,42,6,0.8333333333333333,5.0,4.166666666666667
Dynamic Ramsey,2026-09-21 12:44:37,pe_7_mqt.py,8,42,6,0.9523809523809523,5.0,4.0476190476190474
Dynamic Ramsey,2026-09-21 12:44:37,qft_6_mqt.py,7,42,6,0.8333333333333333,5.0,4.166666666666667
Dynamic Ramsey,2026-09-21 12:44:37,shor_mod15_mqt.py,6,42,6,0.7142857142857142,5.0,4.285714285714286
Dynamic Ramsey,2026-09-21 12:44:37,qft_7_vq.py,8,42,6,0.9523809523809523,5.0,4.0476190476190474
Dynamic Ramsey,2026-09-21 12:44:37,pe_5_mqt.py,6,42,6,0.7142857142857142,5.0,4.285714285714286
Dynamic Local T1,2026-09-21 12:50:28,pe_6_vq.py,8,41,8,0.975609756097561,5.0,4.024390243902439
Dynamic Local T1,2026-09-21 12:50:28,tsp_indep_4_mqt.py,5,41,8,0.6097560975609756,5.0,4.390243902439025
Dynamic Local T1,2026-09-21 12:50:28,dj_indep_4_mqt.py,5,41,8,0.6097560975609756,5.0,4.390243902439025
Dynamic Local T1,2026-09-21 12:50:28,simon_vq.py,7,41,8,0.853658536585366,5.0,4.146341463414634
Dynamic Local T1,2026-09-21 12:50:28,pe_3_mqt.py,4,41,8,0.4878048780487805,5.0,4.512195121951219
Dynamic Local T1,2026-09-21 12:50:28,vqe_indep_4_mqt.py,5,41,8,0.6097560975609756,5.0,4.390243902439025
Dynamic Local T1,2026-09-21 12:50:28,qft_3_mqt.py,4,41,8,0.4878048780487805,5.0,4.512195121951219
Dynamic Local T1,2026-09-21 12:50:28,qft_2_mqt.py,3,41,8,0.36585365853658536,5.0,4.634146341463414
Dynamic Local T1,2026-09-21 12:50:35,qwalk-noancilla_3_mqt.py,4,22,5,0.9090909090909092,5.0,4.090909090909091
Dynamic Local T1,2026-09-21 12:50:35,bv_4_vq.py,5,22,5,1.1363636363636362,5.0,3.8636363636363638
Dynamic Local T1,2026-09-21 12:50:35,grover-noancilla_3_mqt.py,4,22,5,0.9090909090909092,5.0,4.090909090909091
Dynamic Local T1,2026-09-21 12:50:35,3_17tc_vq.py,4,22,5,0.9090909090909092,5.0,4.090909090909091
Dynamic Local T1,2026-09-21 12:50:35,pe_4_mqt.py,5,22,5,1.1363636363636362,5.0,3.8636363636363638
Dynamic Local T1,2026-09-21 12:50:36,shor_mod21_mqt.py,9,24,4,1.875,5.0,3.125
Dynamic Local T1,2026-09-21 12:50:36,qaoa_indep_3_mqt.py,4,24,4,0.8333333333333333,5.0,4.166666666666667
Dynamic Local T1,2026-09-21 12:50:36,pe_5_mqt.py,6,24,4,1.25,5.0,3.75
Dynamic Local T1,2026-09-21 12:50:36,grover-v-chain_4_mqt.py,5,24,4,1.0416666666666667,5.0,3.958333333333333
Dynamic Local T1,2026-09-21 12:50:41,qwalk-v-chain_5_mqt.py,6,40,7,0.75,5.0,4.25
Dynamic Local T1,2026-09-21 12:50:41,grover_9_vq.py,10,40,7,1.25,5.0,3.75
Dynamic Local T1,2026-09-21 12:50:41,qft_6_mqt.py,7,40,7,0.875,5.0,4.125
Dynamic Local T1,2026-09-21 12:50:41,grover-v-chain_3_mqt.py,4,40,7,0.5,5.0,4.5
Dynamic Local T1,2026-09-21 12:50:41,su2_5_vq.py,5,40,7,0.625,5.0,4.375
Dynamic Local T1,2026-09-21 12:50:41,3_17tc_vq.py,4,40,7,0.5,5.0,4.5
Dynamic Local T1,2026-09-21 12:50:41,qwalk-v-chain_3_mqt.py,4,40,7,0.5,5.0,4.5
Dynamic Local T1,2026-09-21 12:50:44,simon_vq.py,7,40,7,0.875,5.0,4.125
Dynamic Local T1,2026-09-21 12:50:44,bv_9_vq.py,10,40,7,1.25,5.0,3.75
Dynamic Local T1,2026-09-21 12:50:44,qwalk-v-chain_3_mqt.py,4,40,7,0.5,5.0,4.5
Dynamic Local T1,2026-09-21 12:50:44,qaoa_indep_5_mqt.py,6,40,7,0.75,5.0,4.25
Dynamic Local T1,2026-09-21 12:50:44,qft_3_vq.py,4,40,7,0.5,5.0,4.5
Dynamic Local T1,2026-09-21 12:50:44,su2random_3_mqt.py,4,40,7,0.5,5.0,4.5
Dynamic Local T1,2026-09-21 12:50:44,tsp_indep_4_mqt.py,5,40,7,0.625,5.0,4.375
Dynamic Local T1,2026-09-21 12:50:50,shor_mod15_mqt.py,6,44,6,0.6818181818181818,5.0,4.318181818181818
Dynamic Local T1,2026-09-21 12:50:50,grover_7_vq.py,8,44,6,0.9090909090909092,5.0,4.090909090909091
Dynamic Local T1,2026-09-21 12:50:50,bv_5_vq.py,6,44,6,0.6818181818181818,5.0,4.318181818181818
Dynamic Local T1,2026-09-21 12:50:50,shor_mod21_mqt.py,9,44,6,1.0227272727272727,5.0,3.9772727272727275
Dynamic Local T1,2026-09-21 12:50:50,kickback_7_vq.py,8,44,6,0.9090909090909092,5.0,4.090909090909091
Dynamic Local T1,2026-09-21 12:50:50,pe_5_vq.py,7,44,6,0.7954545454545454,5.0,4.204545454545455
Dynamic Local T1,2026-09-21 12:50:56,bv_2_vq.py,3,17,4,0.8823529411764707,5.0,4.117647058823529
Dynamic Local T1,2026-09-21 12:50:56,bv_3_vq.py,4,17,4,1.1764705882352942,5.0,3.8235294117647056
Dynamic Local T1,2026-09-21 12:50:56,qft_4_mqt.py,5,17,4,1.4705882352941178,5.0,3.5294117647058822
Dynamic Local T1,2026-09-21 12:50:56,adder_n4_vq.py,5,17,4,1.4705882352941178,5.0,3.5294117647058822
Dynamic Local T1,2026-09-21 12:50:57,pe_6_mqt.py,7,31,6,1.129032258064516,5.0,3.870967741935484
Dynamic Local T1,2026-09-21 12:50:57,tsp_indep_5_mqt.py,6,31,6,0.967741935483871,5.0,4.032258064516129
Dynamic Local T1,2026-09-21 12:50:57,qft_7_vq.py,8,31,6,1.2903225806451613,5.0,3.709677419354839
Dynamic Local T1,2026-09-21 12:50:57,qwalk-noancilla_3_mqt.py,4,31,6,0.6451612903225806,5.0,4.354838709677419
Dynamic Local T1,2026-09-21 12:50:57,bv_2_vq.py,3,31,6,0.4838709677419355,5.0,4.516129032258064
Dynamic Local T1,2026-09-21 12:50:57,qft_2_mqt.py,3,31,6,0.4838709677419355,5.0,4.516129032258064
Dynamic Local T1,2026-09-21 12:50:59,tsp_indep_5_mqt.py,6,23,4,1.3043478260869565,5.0,3.6956521739130435
Dynamic Local T1,2026-09-21 12:50:59,grover-noancilla_4_mqt.py,5,23,4,1.0869565217391304,5.0,3.9130434782608696
Dynamic Local T1,2026-09-21 12:50:59,dj_indep_7_mqt.py,8,23,4,1.7391304347826086,5.0,3.2608695652173916
Dynamic Local T1,2026-09-21 12:50:59,grover_3_vq.py,4,23,4,0.8695652173913043,5.0,4.130434782608695
Dynamic Local T1,2026-09-21 12:51:00,pe_2_vq.py,4,14,3,1.4285714285714284,5.0,3.5714285714285716
Dynamic Local T1,2026-09-21 12:51:00,su2random_3_mqt.py,4,14,3,1.4285714285714284,5.0,3.5714285714285716
Dynamic Local T1,2026-09-21 12:51:00,qwalk-v-chain_5_mqt.py,6,14,3,2.142857142857143,5.0,2.857142857142857
Dynamic Local T1,2026-09-21 12:51:03,su2_5_vq.py,5,50,10,0.5,5.0,4.5
Dynamic Local T1,2026-09-21 12:51:03,qaoa_indep_3_mqt.py,4,50,10,0.4,5.0,4.6
Dynamic Local T1,2026-09-21 12:51:03,vqe_indep_3_mqt.py,4,50,10,0.4,5.0,4.6
Dynamic Local T1,2026-09-21 12:51:03,qaoa_indep_5_mqt.py,6,50,10,0.6,5.0,4.4
Dynamic Local T1,2026-09-21 12:51:03,vqe_indep_4_mqt.py,5,50,10,0.5,5.0,4.5
Dynamic Local T1,2026-09-21 12:51:03,qaoa_indep_4_mqt.py,5,50,10,0.5,5.0,4.5
Dynamic Local T1,2026-09-21 12:51:03,dj_indep_5_mqt.py,6,50,10,0.6,5.0,4.4
Dynamic Local T1,2026-09-21 12:51:03,qaoa_indep_4_mqt.py,5,50,10,0.5,5.0,4.5
Dynamic Local T1,2026-09-21 12:51:03,dj_indep_5_mqt.py,6,50,10,0.6,5.0,4.4
Dynamic Local T1,2026-09-21 12:51:03,vqe_indep_3_mqt.py,4,50,10,0.4,5.0,4.6
Dynamic Local T1,2026-09-21 12:51:07,dj_indep_7_mqt.py,8,43,7,0.9302325581395349,5.0,4.069767441860465
Dynamic Local T1,2026-09-21 12:51:07,vqe_indep_5_mqt.py,6,43,7,0.6976744186046512,5.0,4.3023255813953485
Dynamic Local T1,2026-09-21 12:51:07,vqe_indep_5_mqt.py,6,43,7,0.6976744186046512,5.0,4.3023255813953485
Dynamic Local T1,2026-09-21 12:51:07,adder_n7_vq.py,8,43,7,0.9302325581395349,5.0,4.069767441860465
Dynamic Local T1,2026-09-21 12:51:07,adder_n4_vq.py,5,43,7,0.5813953488372093,5.0,4.4186046511627906
Dynamic Local T1,2026-09-21 12:51:07,bv_3_vq.py,4,43,7,0.46511627906976744,5.0,4.534883720930233
Dynamic Local T1,2026-09-21 12:51:07,bv_5_vq.py,6,43,7,0.6976744186046512,5.0,4.3023255813953485
Dynamic Local T1,2026-09-21 12:51:10,adder_n10_vq.py,11,50,6,1.1,5.0,3.9
Dynamic Local T1,2026-09-21 12:51:10,adder_n10_vq.py,11,50,6,1.1,5.0,3.9
Dynamic Local T1,2026-09-21 12:51:10,bv_4_vq.py,5,50,6,0.5,5.0,4.5
Dynamic Local T1,2026-09-21 12:51:10,bv_9_vq.py,10,50,6,1.0,5.0,4.0
Dynamic Local T1,2026-09-21 12:51:10,adder_n7_vq.py,8,50,6,0.8,5.0,4.2
Dynamic Local T1,2026-09-21 12:51:10,dj_indep_4_mqt.py,5,50,6,0.5,5.0,4.5
Dynamic Local T1,2026-09-21 12:51:15,grover_9_vq.py,10,46,8,1.0869565217391304,5.0,3.9130434782608696
Dynamic Local T1,2026-09-21 12:51:15,grover_3_vq.py,4,46,8,0.43478260869565216,5.0,4.565217391304348
Dynamic Local T1,2026-09-21 12:51:15,kickback_7_vq.py,8,46,8,0.8695652173913043,5.0,4.130434782608695
Dynamic Local T1,2026-09-21 12:51:15,qft_3_vq.py,4,46,8,0.43478260869565216,5.0,4.565217391304348
Dynamic Local T1,2026-09-21 12:51:15,grover-v-chain_3_mqt.py,4,46,8,0.43478260869565216,5.0,4.565217391304348
Dynamic Local T1,2026-09-21 12:51:15,pe_6_mqt.py,7,46,8,0.7608695652173914,5.0,4.239130434782608
Dynamic Local T1,2026-09-21 12:51:15,grover-noancilla_4_mqt.py,5,46,8,0.5434782608695652,5.0,4.456521739130435
Dynamic Local T1,2026-09-21 12:51:15,grover-noancilla_3_mqt.py,4,46,8,0.43478260869565216,5.0,4.565217391304348
Dynamic Local T1,2026-09-21 12:51:18,qft_6_mqt.py,7,45,7,0.7777777777777778,5.0,4.222222222222222
Dynamic Local T1,2026-09-21 12:51:18,grover-v-chain_4_mqt.py,5,45,7,0.5555555555555556,5.0,4.444444444444445
Dynamic Local T1,2026-09-21 12:51:18,pe_3_mqt.py,4,45,7,0.4444444444444445,5.0,4.555555555555555
Dynamic Local T1,2026-09-21 12:51:18,pe_6_vq.py,8,45,7,0.888888888888889,5.0,4.111111111111111
Dynamic Local T1,2026-09-21 12:51:18,grover_7_vq.py,8,45,7,0.888888888888889,5.0,4.111111111111111
Dynamic Local T1,2026-09-21 12:51:18,pe_4_mqt.py,5,45,7,0.5555555555555556,5.0,4.444444444444445
Dynamic Local T1,2026-09-21 12:51:18,qft_7_vq.py,8,45,7,0.888888888888889,5.0,4.111111111111111
Dynamic Local T1,2026-09-21 12:51:23,pe_5_vq.py,7,34,6,1.0294117647058822,5.0,3.9705882352941178
Dynamic Local T1,2026-09-21 12:51:23,shor_mod15_mqt.py,6,34,6,0.8823529411764707,5.0,4.117647058823529
Dynamic Local T1,2026-09-21 12:51:23,qft_4_mqt.py,5,34,6,0.7352941176470589,5.0,4.264705882352941
Dynamic Local T1,2026-09-21 12:51:23,pe_2_vq.py,4,34,6,0.5882352941176471,5.0,4.411764705882353
Dynamic Local T1,2026-09-21 12:51:23,pe_7_mqt.py,8,34,6,1.1764705882352942,5.0,3.8235294117647056
Dynamic Local T1,2026-09-21 12:51:23,qft_3_mqt.py,4,34,6,0.5882352941176471,5.0,4.411764705882353
Dynamic Local T1,2026-09-21 12:51:27,pe_7_mqt.py,8,14,2,2.8571428571428568,5.0,2.1428571428571432
Dynamic Local T1,2026-09-21 12:51:27,pe_5_mqt.py,6,14,2,2.142857142857143,5.0,2.857142857142857
Dynamic Local Ramsey,2026-09-21 12:48:37,bv_5_vq.py,6,37,6,0.8108108108108109,5.0,4.1891891891891895
Dynamic Local Ramsey,2026-09-21 12:48:37,dj_indep_7_mqt.py,8,37,6,1.0810810810810811,5.0,3.918918918918919
Dynamic Local Ramsey,2026-09-21 12:48:37,bv_9_vq.py,10,37,6,1.3513513513513513,5.0,3.6486486486486487
Dynamic Local Ramsey,2026-09-21 12:48:37,3_17tc_vq.py,4,37,6,0.5405405405405406,5.0,4.45945945945946
Dynamic Local Ramsey,2026-09-21 12:48:37,vqe_indep_4_mqt.py,5,37,6,0.6756756756756757,5.0,4.324324324324325
Dynamic Local Ramsey,2026-09-21 12:48:37,su2random_3_mqt.py,4,37,6,0.5405405405405406,5.0,4.45945945945946
Dynamic Local Ramsey,2026-09-21 12:48:38,qft_3_vq.py,4,10,2,2.0,5.0,3.0
Dynamic Local Ramsey,2026-09-21 12:48:38,tsp_indep_5_mqt.py,6,10,2,3.0,5.0,2.0
Dynamic Local Ramsey,2026-09-21 12:48:40,grover-noancilla_4_mqt.py,5,34,6,0.7352941176470589,5.0,4.264705882352941
Dynamic Local Ramsey,2026-09-21 12:48:40,qft_2_mqt.py,3,34,6,0.44117647058823534,5.0,4.5588235294117645
Dynamic Local Ramsey,2026-09-21 12:48:40,pe_5_vq.py,7,34,6,1.0294117647058822,5.0,3.9705882352941178
Dynamic Local Ramsey,2026-09-21 12:48:40,qaoa_indep_3_mqt.py,4,34,6,0.5882352941176471,5.0,4.411764705882353
Dynamic Local Ramsey,2026-09-21 12:48:40,kickback_7_vq.py,8,34,6,1.1764705882352942,5.0,3.8235294117647056
Dynamic Local Ramsey,2026-09-21 12:48:40,pe_6_mqt.py,7,34,6,1.0294117647058822,5.0,3.9705882352941178
Dynamic Local Ramsey,2026-09-21 12:48:41,qft_6_mqt.py,7,17,3,2.0588235294117645,5.0,2.9411764705882355
Dynamic Local Ramsey,2026-09-21 12:48:41,simon_vq.py,7,17,3,2.0588235294117645,5.0,2.9411764705882355
Dynamic Local Ramsey,2026-09-21 12:48:41,bv_2_vq.py,3,17,3,0.8823529411764707,5.0,4.117647058823529
Dynamic Local Ramsey,2026-09-21 12:48:45,pe_2_vq.py,4,49,10,0.4081632653061224,5.0,4.591836734693878
Dynamic Local Ramsey,2026-09-21 12:48:45,qft_7_vq.py,8,49,10,0.8163265306122448,5.0,4.183673469387755
Dynamic Local Ramsey,2026-09-21 12:48:45,qft_4_mqt.py,5,49,10,0.5102040816326531,5.0,4.489795918367347
Dynamic Local Ramsey,2026-09-21 12:48:45,qwalk-v-chain_3_mqt.py,4,49,10,0.4081632653061224,5.0,4.591836734693878
Dynamic Local Ramsey,2026-09-21 12:48:45,qwalk-v-chain_3_mqt.py,4,49,10,0.4081632653061224,5.0,4.591836734693878
Dynamic Local Ramsey,2026-09-21 12:48:45,adder_n4_vq.py,5,49,10,0.5102040816326531,5.0,4.489795918367347
Dynamic Local Ramsey,2026-09-21 12:48:45,qwalk-noancilla_3_mqt.py,4,49,10,0.4081632653061224,5.0,4.591836734693878
Dynamic Local Ramsey,2026-09-21 12:48:45,grover-noancilla_3_mqt.py,4,49,10,0.4081632653061224,5.0,4.591836734693878
Dynamic Local Ramsey,2026-09-21 12:48:45,simon_vq.py,7,49,10,0.7142857142857142,5.0,4.285714285714286
Dynamic Local Ramsey,2026-09-21 12:48:45,3_17tc_vq.py,4,49,10,0.4081632653061224,5.0,4.591836734693878
Dynamic Local Ramsey,2026-09-21 12:48:52,pe_5_mqt.py,6,40,7,0.75,5.0,4.25
Dynamic Local Ramsey,2026-09-21 12:48:52,su2_5_vq.py,5,40,7,0.625,5.0,4.375
Dynamic Local Ramsey,2026-09-21 12:48:52,grover_3_vq.py,4,40,7,0.5,5.0,4.5
Dynamic Local Ramsey,2026-09-21 12:48:52,qwalk-v-chain_5_mqt.py,6,40,7,0.75,5.0,4.25
Dynamic Local Ramsey,2026-09-21 12:48:52,grover_7_vq.py,8,40,7,1.0,5.0,4.0
Dynamic Local Ramsey,2026-09-21 12:48:52,shor_mod15_mqt.py,6,40,7,0.75,5.0,4.25
Dynamic Local Ramsey,2026-09-21 12:48:52,grover-v-chain_4_mqt.py,5,40,7,0.625,5.0,4.375
Dynamic Local Ramsey,2026-09-21 12:48:57,qwalk-noancilla_3_mqt.py,4,26,5,0.7692307692307693,5.0,4.230769230769231
Dynamic Local Ramsey,2026-09-21 12:48:57,qaoa_indep_5_mqt.py,6,26,5,1.153846153846154,5.0,3.846153846153846
Dynamic Local Ramsey,2026-09-21 12:48:57,qft_3_mqt.py,4,26,5,0.7692307692307693,5.0,4.230769230769231
Dynamic Local Ramsey,2026-09-21 12:48:57,pe_3_mqt.py,4,26,5,0.7692307692307693,5.0,4.230769230769231
Dynamic Local Ramsey,2026-09-21 12:48:57,pe_6_vq.py,8,26,5,1.5384615384615385,5.0,3.4615384615384617
Dynamic Local Ramsey,2026-09-21 12:48:58,tsp_indep_4_mqt.py,5,24,4,1.0416666666666667,5.0,3.958333333333333
Dynamic Local Ramsey,2026-09-21 12:48:58,grover_9_vq.py,10,24,4,2.0833333333333335,5.0,2.9166666666666665
Dynamic Local Ramsey,2026-09-21 12:48:58,grover-v-chain_3_mqt.py,4,24,4,0.8333333333333333,5.0,4.166666666666667
Dynamic Local Ramsey,2026-09-21 12:48:58,dj_indep_4_mqt.py,5,24,4,1.0416666666666667,5.0,3.958333333333333
Dynamic Local Ramsey,2026-09-21 12:49:02,tsp_indep_4_mqt.py,5,39,6,0.641025641025641,5.0,4.3589743589743595
Dynamic Local Ramsey,2026-09-21 12:49:02,pe_4_mqt.py,5,39,6,0.641025641025641,5.0,4.3589743589743595
Dynamic Local Ramsey,2026-09-21 12:49:02,shor_mod21_mqt.py,9,39,6,1.153846153846154,5.0,3.846153846153846
Dynamic Local Ramsey,2026-09-21 12:49:02,shor_mod21_mqt.py,9,39,6,1.153846153846154,5.0,3.846153846153846
Dynamic Local Ramsey,2026-09-21 12:49:02,bv_4_vq.py,5,39,6,0.641025641025641,5.0,4.3589743589743595
Dynamic Local Ramsey,2026-09-21 12:49:02,tsp_indep_5_mqt.py,6,39,6,0.7692307692307693,5.0,4.230769230769231
Dynamic Local Ramsey,2026-09-21 12:49:06,bv_3_vq.py,4,8,2,2.5,5.0,2.5
Dynamic Local Ramsey,2026-09-21 12:49:06,su2random_3_mqt.py,4,8,2,2.5,5.0,2.5
Dynamic Local Ramsey,2026-09-21 12:49:07,qwalk-v-chain_5_mqt.py,6,34,7,0.8823529411764707,5.0,4.117647058823529
Dynamic Local Ramsey,2026-09-21 12:49:07,su2_5_vq.py,5,34,7,0.7352941176470589,5.0,4.264705882352941
Dynamic Local Ramsey,2026-09-21 12:49:07,qaoa_indep_3_mqt.py,4,34,7,0.5882352941176471,5.0,4.411764705882353
Dynamic Local Ramsey,2026-09-21 12:49:07,qaoa_indep_4_mqt.py,5,34,7,0.7352941176470589,5.0,4.264705882352941
Dynamic Local Ramsey,2026-09-21 12:49:07,vqe_indep_3_mqt.py,4,34,7,0.5882352941176471,5.0,4.411764705882353
Dynamic Local Ramsey,2026-09-21 12:49:07,qaoa_indep_5_mqt.py,6,34,7,0.8823529411764707,5.0,4.117647058823529
Dynamic Local Ramsey,2026-09-21 12:49:07,vqe_indep_3_mqt.py,4,34,7,0.5882352941176471,5.0,4.411764705882353
Dynamic Local Ramsey,2026-09-21 12:49:10,vqe_indep_4_mqt.py,5,43,7,0.5813953488372093,5.0,4.4186046511627906
Dynamic Local Ramsey,2026-09-21 12:49:10,vqe_indep_5_mqt.py,6,43,7,0.6976744186046512,5.0,4.3023255813953485
Dynamic Local Ramsey,2026-09-21 12:49:10,dj_indep_5_mqt.py,6,43,7,0.6976744186046512,5.0,4.3023255813953485
Dynamic Local Ramsey,2026-09-21 12:49:10,qaoa_indep_4_mqt.py,5,43,7,0.5813953488372093,5.0,4.4186046511627906
Dynamic Local Ramsey,2026-09-21 12:49:10,adder_n10_vq.py,11,43,7,1.2790697674418605,5.0,3.7209302325581395
Dynamic Local Ramsey,2026-09-21 12:49:10,vqe_indep_5_mqt.py,6,43,7,0.6976744186046512,5.0,4.3023255813953485
Dynamic Local Ramsey,2026-09-21 12:49:10,bv_3_vq.py,4,43,7,0.46511627906976744,5.0,4.534883720930233
Dynamic Local Ramsey,2026-09-21 12:49:14,dj_indep_5_mqt.py,6,46,6,0.6521739130434783,5.0,4.3478260869565215
Dynamic Local Ramsey,2026-09-21 12:49:14,adder_n7_vq.py,8,46,6,0.8695652173913043,5.0,4.130434782608695
Dynamic Local Ramsey,2026-09-21 12:49:14,dj_indep_7_mqt.py,8,46,6,0.8695652173913043,5.0,4.130434782608695
Dynamic Local Ramsey,2026-09-21 12:49:14,adder_n10_vq.py,11,46,6,1.1956521739130435,5.0,3.8043478260869565
Dynamic Local Ramsey,2026-09-21 12:49:14,adder_n7_vq.py,8,46,6,0.8695652173913043,5.0,4.130434782608695
Dynamic Local Ramsey,2026-09-21 12:49:14,adder_n4_vq.py,5,46,6,0.5434782608695652,5.0,4.456521739130435
Dynamic Local Ramsey,2026-09-21 12:49:18,bv_2_vq.py,3,44,9,0.3409090909090909,5.0,4.659090909090909
Dynamic Local Ramsey,2026-09-21 12:49:18,bv_5_vq.py,6,44,9,0.6818181818181818,5.0,4.318181818181818
Dynamic Local Ramsey,2026-09-21 12:49:18,bv_4_vq.py,5,44,9,0.5681818181818181,5.0,4.431818181818182
Dynamic Local Ramsey,2026-09-21 12:49:18,bv_9_vq.py,10,44,9,1.1363636363636362,5.0,3.8636363636363638
Dynamic Local Ramsey,2026-09-21 12:49:18,grover-noancilla_3_mqt.py,4,44,9,0.4545454545454546,5.0,4.545454545454545
Dynamic Local Ramsey,2026-09-21 12:49:18,grover_3_vq.py,4,44,9,0.4545454545454546,5.0,4.545454545454545
Dynamic Local Ramsey,2026-09-21 12:49:18,grover-v-chain_3_mqt.py,4,44,9,0.4545454545454546,5.0,4.545454545454545
Dynamic Local Ramsey,2026-09-21 12:49:18,grover-noancilla_4_mqt.py,5,44,9,0.5681818181818181,5.0,4.431818181818182
Dynamic Local Ramsey,2026-09-21 12:49:18,qft_2_mqt.py,3,44,9,0.3409090909090909,5.0,4.659090909090909
Dynamic Local Ramsey,2026-09-21 12:49:22,grover-v-chain_4_mqt.py,5,39,6,0.641025641025641,5.0,4.3589743589743595
Dynamic Local Ramsey,2026-09-21 12:49:22,grover_7_vq.py,8,39,6,1.0256410256410255,5.0,3.9743589743589745
Dynamic Local Ramsey,2026-09-21 12:49:22,kickback_7_vq.py,8,39,6,1.0256410256410255,5.0,3.9743589743589745
Dynamic Local Ramsey,2026-09-21 12:49:22,pe_3_mqt.py,4,39,6,0.5128205128205128,5.0,4.487179487179487
Dynamic Local Ramsey,2026-09-21 12:49:22,grover_9_vq.py,10,39,6,1.282051282051282,5.0,3.717948717948718
Dynamic Local Ramsey,2026-09-21 12:49:22,pe_2_vq.py,4,39,6,0.5128205128205128,5.0,4.487179487179487
Dynamic Local Ramsey,2026-09-21 12:49:26,pe_7_mqt.py,8,42,6,0.9523809523809523,5.0,4.0476190476190474
Dynamic Local Ramsey,2026-09-21 12:49:26,pe_6_vq.py,8,42,6,0.9523809523809523,5.0,4.0476190476190474
Dynamic Local Ramsey,2026-09-21 12:49:26,pe_5_vq.py,7,42,6,0.8333333333333333,5.0,4.166666666666667
Dynamic Local Ramsey,2026-09-21 12:49:26,pe_7_mqt.py,8,42,6,0.9523809523809523,5.0,4.0476190476190474
Dynamic Local Ramsey,2026-09-21 12:49:26,pe_6_mqt.py,7,42,6,0.8333333333333333,5.0,4.166666666666667
Dynamic Local Ramsey,2026-09-21 12:49:26,qft_3_mqt.py,4,42,6,0.47619047619047616,5.0,4.523809523809524
Dynamic Local Ramsey,2026-09-21 12:49:29,pe_5_mqt.py,6,39,7,0.7692307692307693,5.0,4.230769230769231
Dynamic Local Ramsey,2026-09-21 12:49:29,pe_4_mqt.py,5,39,7,0.641025641025641,5.0,4.3589743589743595
Dynamic Local Ramsey,2026-09-21 12:49:29,qft_3_vq.py,4,39,7,0.5128205128205128,5.0,4.487179487179487
Dynamic Local Ramsey,2026-09-21 12:49:29,qft_4_mqt.py,5,39,7,0.641025641025641,5.0,4.3589743589743595
Dynamic Local Ramsey,2026-09-21 12:49:29,dj_indep_4_mqt.py,5,39,7,0.641025641025641,5.0,4.3589743589743595
Dynamic Local Ramsey,2026-09-21 12:49:29,qft_7_vq.py,8,39,7,1.0256410256410255,5.0,3.9743589743589745
Dynamic Local Ramsey,2026-09-21 12:49:29,shor_mod15_mqt.py,6,39,7,0.7692307692307693,5.0,4.230769230769231
Dynamic Local Ramsey,2026-09-21 12:49:33,qft_6_mqt.py,7,7,1,5.0,5.0,0.0
Dynamic Local Initial T1,2026-09-21 12:41:16,simon_vq.py,7,35,8,1.0,5.0,4.0
Dynamic Local Initial T1,2026-09-21 12:41:16,qaoa_indep_3_mqt.py,4,35,8,0.5714285714285714,5.0,4.428571428571429
Dynamic Local Initial T1,2026-09-21 12:41:16,qft_3_vq.py,4,35,8,0.5714285714285714,5.0,4.428571428571429
Dynamic Local Initial T1,2026-09-21 12:41:16,bv_5_vq.py,6,35,8,0.8571428571428572,5.0,4.142857142857142
Dynamic Local Initial T1,2026-09-21 12:41:16,su2random_3_mqt.py,4,35,8,0.5714285714285714,5.0,4.428571428571429
Dynamic Local Initial T1,2026-09-21 12:41:16,bv_2_vq.py,3,35,8,0.4285714285714286,5.0,4.571428571428571
Dynamic Local Initial T1,2026-09-21 12:41:16,grover_3_vq.py,4,35,8,0.5714285714285714,5.0,4.428571428571429
Dynamic Local Initial T1,2026-09-21 12:41:16,qft_2_mqt.py,3,35,8,0.4285714285714286,5.0,4.571428571428571
Dynamic Local Initial T1,2026-09-21 12:41:23,tsp_indep_5_mqt.py,6,40,7,0.75,5.0,4.25
Dynamic Local Initial T1,2026-09-21 12:41:23,kickback_7_vq.py,8,40,7,1.0,5.0,4.0
Dynamic Local Initial T1,2026-09-21 12:41:23,tsp_indep_4_mqt.py,5,40,7,0.625,5.0,4.375
Dynamic Local Initial T1,2026-09-21 12:41:23,pe_5_vq.py,7,40,7,0.875,5.0,4.125
Dynamic Local Initial T1,2026-09-21 12:41:23,bv_4_vq.py,5,40,7,0.625,5.0,4.375
Dynamic Local Initial T1,2026-09-21 12:41:23,qft_4_mqt.py,5,40,7,0.625,5.0,4.375
Dynamic Local Initial T1,2026-09-21 12:41:23,pe_2_vq.py,4,40,7,0.5,5.0,4.5
Dynamic Local Initial T1,2026-09-21 12:41:29,qft_7_vq.py,8,39,6,1.0256410256410255,5.0,3.9743589743589745
Dynamic Local Initial T1,2026-09-21 12:41:29,qwalk-v-chain_5_mqt.py,6,39,6,0.7692307692307693,5.0,4.230769230769231
Dynamic Local Initial T1,2026-09-21 12:41:29,dj_indep_7_mqt.py,8,39,6,1.0256410256410255,5.0,3.9743589743589745
Dynamic Local Initial T1,2026-09-21 12:41:29,pe_5_mqt.py,6,39,6,0.7692307692307693,5.0,4.230769230769231
Dynamic Local Initial T1,2026-09-21 12:41:29,pe_6_mqt.py,7,39,6,0.8974358974358975,5.0,4.102564102564102
Dynamic Local Initial T1,2026-09-21 12:41:29,qwalk-v-chain_3_mqt.py,4,39,6,0.5128205128205128,5.0,4.487179487179487
Dynamic Local Initial T1,2026-09-21 12:41:34,su2_5_vq.py,5,30,5,0.8333333333333333,5.0,4.166666666666667
Dynamic Local Initial T1,2026-09-21 12:41:34,grover-v-chain_3_mqt.py,4,30,5,0.6666666666666666,5.0,4.333333333333333
Dynamic Local Initial T1,2026-09-21 12:41:34,qwalk-noancilla_3_mqt.py,4,30,5,0.6666666666666666,5.0,4.333333333333333
Dynamic Local Initial T1,2026-09-21 12:41:34,grover_7_vq.py,8,30,5,1.3333333333333333,5.0,3.666666666666667
Dynamic Local Initial T1,2026-09-21 12:41:34,shor_mod21_mqt.py,9,30,5,1.5,5.0,3.5
Dynamic Local Initial T1,2026-09-21 12:41:35,tsp_indep_5_mqt.py,6,21,5,1.4285714285714284,5.0,3.5714285714285716
Dynamic Local Initial T1,2026-09-21 12:41:35,pe_4_mqt.py,5,21,5,1.1904761904761905,5.0,3.8095238095238093
Dynamic Local Initial T1,2026-09-21 12:41:35,qft_3_mqt.py,4,21,5,0.9523809523809523,5.0,4.0476190476190474
Dynamic Local Initial T1,2026-09-21 12:41:35,bv_2_vq.py,3,21,5,0.7142857142857142,5.0,4.285714285714286
Dynamic Local Initial T1,2026-09-21 12:41:35,qft_2_mqt.py,3,21,5,0.7142857142857142,5.0,4.285714285714286
Dynamic Local Initial T1,2026-09-21 12:41:39,vqe_indep_4_mqt.py,5,36,5,0.6944444444444444,5.0,4.305555555555555
Dynamic Local Initial T1,2026-09-21 12:41:39,bv_9_vq.py,10,36,5,1.3888888888888888,5.0,3.611111111111111
Dynamic Local Initial T1,2026-09-21 12:41:39,shor_mod15_mqt.py,6,36,5,0.8333333333333333,5.0,4.166666666666667
Dynamic Local Initial T1,2026-09-21 12:41:39,pe_6_vq.py,8,36,5,1.1111111111111112,5.0,3.888888888888889
Dynamic Local Initial T1,2026-09-21 12:41:39,simon_vq.py,7,36,5,0.9722222222222222,5.0,4.027777777777778
Dynamic Local Initial T1,2026-09-21 12:41:40,grover-noancilla_3_mqt.py,4,4,1,5.0,5.0,0.0
Dynamic Local Initial T1,2026-09-21 12:41:43,pe_3_mqt.py,4,39,9,0.5128205128205128,5.0,4.487179487179487
Dynamic Local Initial T1,2026-09-21 12:41:43,3_17tc_vq.py,4,39,9,0.5128205128205128,5.0,4.487179487179487
Dynamic Local Initial T1,2026-09-21 12:41:43,grover-v-chain_4_mqt.py,5,39,9,0.641025641025641,5.0,4.3589743589743595
Dynamic Local Initial T1,2026-09-21 12:41:43,3_17tc_vq.py,4,39,9,0.5128205128205128,5.0,4.487179487179487
Dynamic Local Initial T1,2026-09-21 12:41:43,adder_n4_vq.py,5,39,9,0.641025641025641,5.0,4.3589743589743595
Dynamic Local Initial T1,2026-09-21 12:41:43,tsp_indep_4_mqt.py,5,39,9,0.641025641025641,5.0,4.3589743589743595
Dynamic Local Initial T1,2026-09-21 12:41:43,bv_3_vq.py,4,39,9,0.5128205128205128,5.0,4.487179487179487
Dynamic Local Initial T1,2026-09-21 12:41:43,qwalk-noancilla_3_mqt.py,4,39,9,0.5128205128205128,5.0,4.487179487179487
Dynamic Local Initial T1,2026-09-21 12:41:43,qwalk-v-chain_3_mqt.py,4,39,9,0.5128205128205128,5.0,4.487179487179487
Dynamic Local Initial T1,2026-09-21 12:41:48,qaoa_indep_5_mqt.py,6,18,3,1.6666666666666665,5.0,3.3333333333333335
Dynamic Local Initial T1,2026-09-21 12:41:48,grover-noancilla_4_mqt.py,5,18,3,1.3888888888888888,5.0,3.611111111111111
Dynamic Local Initial T1,2026-09-21 12:41:48,qft_6_mqt.py,7,18,3,1.9444444444444444,5.0,3.0555555555555554
Dynamic Local Initial T1,2026-09-21 12:41:49,dj_indep_4_mqt.py,5,23,4,1.0869565217391304,5.0,3.9130434782608696
Dynamic Local Initial T1,2026-09-21 12:41:49,shor_mod21_mqt.py,9,23,4,1.9565217391304348,5.0,3.0434782608695654
Dynamic Local Initial T1,2026-09-21 12:41:49,su2_5_vq.py,5,23,4,1.0869565217391304,5.0,3.9130434782608696
Dynamic Local Initial T1,2026-09-21 12:41:49,qaoa_indep_3_mqt.py,4,23,4,0.8695652173913043,5.0,4.130434782608695
Dynamic Local Initial T1,2026-09-21 12:41:53,grover_9_vq.py,10,46,8,1.0869565217391304,5.0,3.9130434782608696
Dynamic Local Initial T1,2026-09-21 12:41:53,su2random_3_mqt.py,4,46,8,0.43478260869565216,5.0,4.565217391304348
Dynamic Local Initial T1,2026-09-21 12:41:53,qaoa_indep_5_mqt.py,6,46,8,0.6521739130434783,5.0,4.3478260869565215
Dynamic Local Initial T1,2026-09-21 12:41:53,vqe_indep_5_mqt.py,6,46,8,0.6521739130434783,5.0,4.3478260869565215
Dynamic Local Initial T1,2026-09-21 12:41:53,qwalk-v-chain_5_mqt.py,6,46,8,0.6521739130434783,5.0,4.3478260869565215
Dynamic Local Initial T1,2026-09-21 12:41:53,qaoa_indep_4_mqt.py,5,46,8,0.5434782608695652,5.0,4.456521739130435
Dynamic Local Initial T1,2026-09-21 12:41:53,vqe_indep_4_mqt.py,5,46,8,0.5434782608695652,5.0,4.456521739130435
Dynamic Local Initial T1,2026-09-21 12:41:53,vqe_indep_3_mqt.py,4,46,8,0.43478260869565216,5.0,4.565217391304348
Dynamic Local Initial T1,2026-09-21 12:41:56,dj_indep_5_mqt.py,6,42,7,0.7142857142857142,5.0,4.285714285714286
Dynamic Local Initial T1,2026-09-21 12:41:56,qaoa_indep_4_mqt.py,5,42,7,0.5952380952380952,5.0,4.404761904761905
Dynamic Local Initial T1,2026-09-21 12:41:56,dj_indep_7_mqt.py,8,42,7,0.9523809523809523,5.0,4.0476190476190474
Dynamic Local Initial T1,2026-09-21 12:41:56,dj_indep_5_mqt.py,6,42,7,0.7142857142857142,5.0,4.285714285714286
Dynamic Local Initial T1,2026-09-21 12:41:56,vqe_indep_3_mqt.py,4,42,7,0.47619047619047616,5.0,4.523809523809524
Dynamic Local Initial T1,2026-09-21 12:41:56,adder_n7_vq.py,8,42,7,0.9523809523809523,5.0,4.0476190476190474
Dynamic Local Initial T1,2026-09-21 12:41:56,adder_n4_vq.py,5,42,7,0.5952380952380952,5.0,4.404761904761905
Dynamic Local Initial T1,2026-09-21 12:42:03,vqe_indep_5_mqt.py,6,46,6,0.6521739130434783,5.0,4.3478260869565215
Dynamic Local Initial T1,2026-09-21 12:42:03,adder_n7_vq.py,8,46,6,0.8695652173913043,5.0,4.130434782608695
Dynamic Local Initial T1,2026-09-21 12:42:03,adder_n10_vq.py,11,46,6,1.1956521739130435,5.0,3.8043478260869565
Dynamic Local Initial T1,2026-09-21 12:42:03,adder_n10_vq.py,11,46,6,1.1956521739130435,5.0,3.8043478260869565
Dynamic Local Initial T1,2026-09-21 12:42:03,bv_3_vq.py,4,46,6,0.43478260869565216,5.0,4.565217391304348
Dynamic Local Initial T1,2026-09-21 12:42:03,bv_5_vq.py,6,46,6,0.6521739130434783,5.0,4.3478260869565215
Dynamic Local Initial T1,2026-09-21 12:42:04,bv_4_vq.py,5,37,6,0.6756756756756757,5.0,4.324324324324325
Dynamic Local Initial T1,2026-09-21 12:42:04,bv_9_vq.py,10,37,6,1.3513513513513513,5.0,3.6486486486486487
Dynamic Local Initial T1,2026-09-21 12:42:04,grover-noancilla_4_mqt.py,5,37,6,0.6756756756756757,5.0,4.324324324324325
Dynamic Local Initial T1,2026-09-21 12:42:04,grover_7_vq.py,8,37,6,1.0810810810810811,5.0,3.918918918918919
Dynamic Local Initial T1,2026-09-21 12:42:04,pe_2_vq.py,4,37,6,0.5405405405405406,5.0,4.45945945945946
Dynamic Local Initial T1,2026-09-21 12:42:04,pe_4_mqt.py,5,37,6,0.6756756756756757,5.0,4.324324324324325
Dynamic Local Initial T1,2026-09-21 12:42:08,grover-v-chain_3_mqt.py,4,49,8,0.4081632653061224,5.0,4.591836734693878
Dynamic Local Initial T1,2026-09-21 12:42:08,pe_7_mqt.py,8,49,8,0.8163265306122448,5.0,4.183673469387755
Dynamic Local Initial T1,2026-09-21 12:42:08,grover-v-chain_4_mqt.py,5,49,8,0.5102040816326531,5.0,4.489795918367347
Dynamic Local Initial T1,2026-09-21 12:42:08,pe_3_mqt.py,4,49,8,0.4081632653061224,5.0,4.591836734693878
Dynamic Local Initial T1,2026-09-21 12:42:08,pe_5_vq.py,7,49,8,0.7142857142857142,5.0,4.285714285714286
Dynamic Local Initial T1,2026-09-21 12:42:08,grover_3_vq.py,4,49,8,0.4081632653061224,5.0,4.591836734693878
Dynamic Local Initial T1,2026-09-21 12:42:08,pe_6_mqt.py,7,49,8,0.7142857142857142,5.0,4.285714285714286
Dynamic Local Initial T1,2026-09-21 12:42:08,grover_9_vq.py,10,49,8,1.0204081632653061,5.0,3.979591836734694
Dynamic Local Initial T1,2026-09-21 12:42:13,grover-noancilla_3_mqt.py,4,46,8,0.43478260869565216,5.0,4.565217391304348
Dynamic Local Initial T1,2026-09-21 12:42:13,qft_3_vq.py,4,46,8,0.43478260869565216,5.0,4.565217391304348
Dynamic Local Initial T1,2026-09-21 12:42:13,qft_3_mqt.py,4,46,8,0.43478260869565216,5.0,4.565217391304348
Dynamic Local Initial T1,2026-09-21 12:42:13,qft_4_mqt.py,5,46,8,0.5434782608695652,5.0,4.456521739130435
Dynamic Local Initial T1,2026-09-21 12:42:13,pe_6_vq.py,8,46,8,0.8695652173913043,5.0,4.130434782608695
Dynamic Local Initial T1,2026-09-21 12:42:13,qft_6_mqt.py,7,46,8,0.7608695652173914,5.0,4.239130434782608
Dynamic Local Initial T1,2026-09-21 12:42:13,pe_5_mqt.py,6,46,8,0.6521739130434783,5.0,4.3478260869565215
Dynamic Local Initial T1,2026-09-21 12:42:13,qft_7_vq.py,8,46,8,0.8695652173913043,5.0,4.130434782608695
Dynamic Local Initial T1,2026-09-21 12:42:17,kickback_7_vq.py,8,27,4,1.4814814814814814,5.0,3.5185185185185186
Dynamic Local Initial T1,2026-09-21 12:42:17,shor_mod15_mqt.py,6,27,4,1.1111111111111112,5.0,3.888888888888889
Dynamic Local Initial T1,2026-09-21 12:42:17,dj_indep_4_mqt.py,5,27,4,0.9259259259259258,5.0,4.074074074074074
Dynamic Local Initial T1,2026-09-21 12:42:17,pe_7_mqt.py,8,27,4,1.4814814814814814,5.0,3.5185185185185186
Dynamic Local Initial Ramsey,2026-09-21 12:37:05,grover_9_vq.py,10,33,5,1.5151515151515151,5.0,3.484848484848485
Dynamic Local Initial Ramsey,2026-09-21 12:37:05,pe_3_mqt.py,4,33,5,0.6060606060606061,5.0,4.393939393939394
Dynamic Local Initial Ramsey,2026-09-21 12:37:05,pe_5_mqt.py,6,33,5,0.9090909090909092,5.0,4.090909090909091
Dynamic Local Initial Ramsey,2026-09-21 12:37:05,shor_mod15_mqt.py,6,33,5,0.9090909090909092,5.0,4.090909090909091
Dynamic Local Initial Ramsey,2026-09-21 12:37:05,simon_vq.py,7,33,5,1.0606060606060606,5.0,3.9393939393939394
Dynamic Local Initial Ramsey,2026-09-21 12:37:06,grover-noancilla_3_mqt.py,4,13,3,1.5384615384615385,5.0,3.4615384615384617
Dynamic Local Initial Ramsey,2026-09-21 12:37:06,tsp_indep_5_mqt.py,6,13,3,2.307692307692308,5.0,2.692307692307692
Dynamic Local Initial Ramsey,2026-09-21 12:37:06,bv_2_vq.py,3,13,3,1.153846153846154,5.0,3.846153846153846
Dynamic Local Initial Ramsey,2026-09-21 12:37:08,shor_mod21_mqt.py,9,9,1,5.0,5.0,0.0
Dynamic Local Initial Ramsey,2026-09-21 12:37:09,vqe_indep_4_mqt.py,5,40,9,0.625,5.0,4.375
Dynamic Local Initial Ramsey,2026-09-21 12:37:09,qaoa_indep_3_mqt.py,4,40,9,0.5,5.0,4.5
Dynamic Local Initial Ramsey,2026-09-21 12:37:09,grover-v-chain_3_mqt.py,4,40,9,0.5,5.0,4.5
Dynamic Local Initial Ramsey,2026-09-21 12:37:09,pe_4_mqt.py,5,40,9,0.625,5.0,4.375
Dynamic Local Initial Ramsey,2026-09-21 12:37:09,pe_2_vq.py,4,40,9,0.5,5.0,4.5
Dynamic Local Initial Ramsey,2026-09-21 12:37:09,bv_4_vq.py,5,40,9,0.625,5.0,4.375
Dynamic Local Initial Ramsey,2026-09-21 12:37:09,grover-noancilla_4_mqt.py,5,40,9,0.625,5.0,4.375
Dynamic Local Initial Ramsey,2026-09-21 12:37:09,adder_n4_vq.py,5,40,9,0.625,5.0,4.375
Dynamic Local Initial Ramsey,2026-09-21 12:37:09,qft_2_mqt.py,3,40,9,0.375,5.0,4.625
Dynamic Local Initial Ramsey,2026-09-21 12:37:13,qaoa_indep_5_mqt.py,6,50,9,0.6,5.0,4.4
Dynamic Local Initial Ramsey,2026-09-21 12:37:13,bv_5_vq.py,6,50,9,0.6,5.0,4.4
Dynamic Local Initial Ramsey,2026-09-21 12:37:13,qft_7_vq.py,8,50,9,0.8,5.0,4.2
Dynamic Local Initial Ramsey,2026-09-21 12:37:13,bv_3_vq.py,4,50,9,0.4,5.0,4.6
Dynamic Local Initial Ramsey,2026-09-21 12:37:13,pe_6_vq.py,8,50,9,0.8,5.0,4.2
Dynamic Local Initial Ramsey,2026-09-21 12:37:13,tsp_indep_4_mqt.py,5,50,9,0.5,5.0,4.5
Dynamic Local Initial Ramsey,2026-09-21 12:37:13,su2_5_vq.py,5,50,9,0.5,5.0,4.5
Dynamic Local Initial Ramsey,2026-09-21 12:37:13,qwalk-v-chain_3_mqt.py,4,50,9,0.4,5.0,4.6
Dynamic Local Initial Ramsey,2026-09-21 12:37:13,qft_3_mqt.py,4,50,9,0.4,5.0,4.6
Dynamic Local Initial Ramsey,2026-09-21 12:37:19,dj_indep_7_mqt.py,8,43,7,0.9302325581395349,5.0,4.069767441860465
Dynamic Local Initial Ramsey,2026-09-21 12:37:19,kickback_7_vq.py,8,43,7,0.9302325581395349,5.0,4.069767441860465
Dynamic Local Initial Ramsey,2026-09-21 12:37:19,grover_7_vq.py,8,43,7,0.9302325581395349,5.0,4.069767441860465
Dynamic Local Initial Ramsey,2026-09-21 12:37:19,qft_3_vq.py,4,43,7,0.46511627906976744,5.0,4.534883720930233
Dynamic Local Initial Ramsey,2026-09-21 12:37:19,su2random_3_mqt.py,4,43,7,0.46511627906976744,5.0,4.534883720930233
Dynamic Local Initial Ramsey,2026-09-21 12:37:19,3_17tc_vq.py,4,43,7,0.46511627906976744,5.0,4.534883720930233
Dynamic Local Initial Ramsey,2026-09-21 12:37:19,qft_6_mqt.py,7,43,7,0.8139534883720931,5.0,4.186046511627907
Dynamic Local Initial Ramsey,2026-09-21 12:37:22,simon_vq.py,7,34,6,1.0294117647058822,5.0,3.9705882352941178
Dynamic Local Initial Ramsey,2026-09-21 12:37:22,qft_4_mqt.py,5,34,6,0.7352941176470589,5.0,4.264705882352941
Dynamic Local Initial Ramsey,2026-09-21 12:37:22,grover-v-chain_4_mqt.py,5,34,6,0.7352941176470589,5.0,4.264705882352941
Dynamic Local Initial Ramsey,2026-09-21 12:37:22,qaoa_indep_3_mqt.py,4,34,6,0.5882352941176471,5.0,4.411764705882353
Dynamic Local Initial Ramsey,2026-09-21 12:37:22,tsp_indep_5_mqt.py,6,34,6,0.8823529411764707,5.0,4.117647058823529
Dynamic Local Initial Ramsey,2026-09-21 12:37:22,pe_5_vq.py,7,34,6,1.0294117647058822,5.0,3.9705882352941178
Dynamic Local Initial Ramsey,2026-09-21 12:37:23,dj_indep_4_mqt.py,5,8,2,3.125,5.0,1.875
Dynamic Local Initial Ramsey,2026-09-21 12:37:23,bv_2_vq.py,3,8,2,1.875,5.0,3.125
Dynamic Local Initial Ramsey,2026-09-21 12:37:27,shor_mod21_mqt.py,9,45,7,1.0,5.0,4.0
Dynamic Local Initial Ramsey,2026-09-21 12:37:27,3_17tc_vq.py,4,45,7,0.4444444444444445,5.0,4.555555555555555
Dynamic Local Initial Ramsey,2026-09-21 12:37:27,grover_9_vq.py,10,45,7,1.1111111111111112,5.0,3.888888888888889
Dynamic Local Initial Ramsey,2026-09-21 12:37:27,kickback_7_vq.py,8,45,7,0.888888888888889,5.0,4.111111111111111
Dynamic Local Initial Ramsey,2026-09-21 12:37:27,vqe_indep_4_mqt.py,5,45,7,0.5555555555555556,5.0,4.444444444444445
Dynamic Local Initial Ramsey,2026-09-21 12:37:27,qwalk-noancilla_3_mqt.py,4,45,7,0.4444444444444445,5.0,4.555555555555555
Dynamic Local Initial Ramsey,2026-09-21 12:37:27,tsp_indep_4_mqt.py,5,45,7,0.5555555555555556,5.0,4.444444444444445
Dynamic Local Initial Ramsey,2026-09-21 12:37:31,grover_7_vq.py,8,43,8,0.9302325581395349,5.0,4.069767441860465
Dynamic Local Initial Ramsey,2026-09-21 12:37:31,qaoa_indep_5_mqt.py,6,43,8,0.6976744186046512,5.0,4.3023255813953485
Dynamic Local Initial Ramsey,2026-09-21 12:37:31,dj_indep_7_mqt.py,8,43,8,0.9302325581395349,5.0,4.069767441860465
Dynamic Local Initial Ramsey,2026-09-21 12:37:31,grover-noancilla_3_mqt.py,4,43,8,0.46511627906976744,5.0,4.534883720930233
Dynamic Local Initial Ramsey,2026-09-21 12:37:31,grover-v-chain_4_mqt.py,5,43,8,0.5813953488372093,5.0,4.4186046511627906
Dynamic Local Initial Ramsey,2026-09-21 12:37:31,qwalk-noancilla_3_mqt.py,4,43,8,0.46511627906976744,5.0,4.534883720930233
Dynamic Local Initial Ramsey,2026-09-21 12:37:31,qwalk-v-chain_3_mqt.py,4,43,8,0.46511627906976744,5.0,4.534883720930233
Dynamic Local Initial Ramsey,2026-09-21 12:37:31,bv_3_vq.py,4,43,8,0.46511627906976744,5.0,4.534883720930233
Dynamic Local Initial Ramsey,2026-09-21 12:37:35,adder_n7_vq.py,8,48,8,0.8333333333333333,5.0,4.166666666666667
Dynamic Local Initial Ramsey,2026-09-21 12:37:35,bv_9_vq.py,10,48,8,1.0416666666666667,5.0,3.958333333333333
Dynamic Local Initial Ramsey,2026-09-21 12:37:35,qwalk-v-chain_5_mqt.py,6,48,8,0.625,5.0,4.375
Dynamic Local Initial Ramsey,2026-09-21 12:37:35,su2random_3_mqt.py,4,48,8,0.41666666666666663,5.0,4.583333333333333
Dynamic Local Initial Ramsey,2026-09-21 12:37:35,bv_5_vq.py,6,48,8,0.625,5.0,4.375
Dynamic Local Initial Ramsey,2026-09-21 12:37:35,pe_6_mqt.py,7,48,8,0.7291666666666667,5.0,4.270833333333333
Dynamic Local Initial Ramsey,2026-09-21 12:37:35,grover-v-chain_3_mqt.py,4,48,8,0.41666666666666663,5.0,4.583333333333333
Dynamic Local Initial Ramsey,2026-09-21 12:37:35,qft_2_mqt.py,3,48,8,0.3125,5.0,4.6875
Dynamic Local Initial Ramsey,2026-09-21 12:37:39,pe_6_vq.py,8,46,8,0.8695652173913043,5.0,4.130434782608695
Dynamic Local Initial Ramsey,2026-09-21 12:37:39,grover_3_vq.py,4,46,8,0.43478260869565216,5.0,4.565217391304348
Dynamic Local Initial Ramsey,2026-09-21 12:37:39,qwalk-v-chain_5_mqt.py,6,46,8,0.6521739130434783,5.0,4.3478260869565215
Dynamic Local Initial Ramsey,2026-09-21 12:37:39,pe_2_vq.py,4,46,8,0.43478260869565216,5.0,4.565217391304348
Dynamic Local Initial Ramsey,2026-09-21 12:37:39,pe_3_mqt.py,4,46,8,0.43478260869565216,5.0,4.565217391304348
Dynamic Local Initial Ramsey,2026-09-21 12:37:39,bv_9_vq.py,10,46,8,1.0869565217391304,5.0,3.9130434782608696
Dynamic Local Initial Ramsey,2026-09-21 12:37:39,bv_4_vq.py,5,46,8,0.5434782608695652,5.0,4.456521739130435
Dynamic Local Initial Ramsey,2026-09-21 12:37:39,su2_5_vq.py,5,46,8,0.5434782608695652,5.0,4.456521739130435
Dynamic Local Initial Ramsey,2026-09-21 12:37:42,pe_5_vq.py,7,40,7,0.875,5.0,4.125
Dynamic Local Initial Ramsey,2026-09-21 12:37:42,pe_6_mqt.py,7,40,7,0.875,5.0,4.125
Dynamic Local Initial Ramsey,2026-09-21 12:37:42,dj_indep_5_mqt.py,6,40,7,0.75,5.0,4.25
Dynamic Local Initial Ramsey,2026-09-21 12:37:42,pe_4_mqt.py,5,40,7,0.625,5.0,4.375
Dynamic Local Initial Ramsey,2026-09-21 12:37:42,qaoa_indep_4_mqt.py,5,40,7,0.625,5.0,4.375
Dynamic Local Initial Ramsey,2026-09-21 12:37:42,dj_indep_5_mqt.py,6,40,7,0.75,5.0,4.25
Dynamic Local Initial Ramsey,2026-09-21 12:37:42,grover_3_vq.py,4,40,7,0.5,5.0,4.5
Dynamic Local Initial Ramsey,2026-09-21 12:37:48,adder_n4_vq.py,5,36,6,0.6944444444444444,5.0,4.305555555555555
Dynamic Local Initial Ramsey,2026-09-21 12:37:48,vqe_indep_5_mqt.py,6,36,6,0.8333333333333333,5.0,4.166666666666667
Dynamic Local Initial Ramsey,2026-09-21 12:37:48,pe_7_mqt.py,8,36,6,1.1111111111111112,5.0,3.888888888888889
Dynamic Local Initial Ramsey,2026-09-21 12:37:48,vqe_indep_5_mqt.py,6,36,6,0.8333333333333333,5.0,4.166666666666667
Dynamic Local Initial Ramsey,2026-09-21 12:37:48,grover-noancilla_4_mqt.py,5,36,6,0.6944444444444444,5.0,4.305555555555555
Dynamic Local Initial Ramsey,2026-09-21 12:37:48,pe_5_mqt.py,6,36,6,0.8333333333333333,5.0,4.166666666666667
Dynamic Local Initial Ramsey,2026-09-21 12:37:49,vqe_indep_3_mqt.py,4,4,1,5.0,5.0,0.0
Dynamic Local Initial Ramsey,2026-09-21 12:37:52,adder_n10_vq.py,11,11,1,5.0,5.0,0.0
Dynamic Local Initial Ramsey,2026-09-21 12:37:53,adder_n10_vq.py,11,41,7,1.3414634146341464,5.0,3.6585365853658534
Dynamic Local Initial Ramsey,2026-09-21 12:37:53,pe_7_mqt.py,8,41,7,0.975609756097561,5.0,4.024390243902439
Dynamic Local Initial Ramsey,2026-09-21 12:37:53,vqe_indep_3_mqt.py,4,41,7,0.4878048780487805,5.0,4.512195121951219
Dynamic Local Initial Ramsey,2026-09-21 12:37:53,qft_3_vq.py,4,41,7,0.4878048780487805,5.0,4.512195121951219
Dynamic Local Initial Ramsey,2026-09-21 12:37:53,qaoa_indep_4_mqt.py,5,41,7,0.6097560975609756,5.0,4.390243902439025
Dynamic Local Initial Ramsey,2026-09-21 12:37:53,qft_3_mqt.py,4,41,7,0.4878048780487805,5.0,4.512195121951219
Dynamic Local Initial Ramsey,2026-09-21 12:37:53,qft_4_mqt.py,5,41,7,0.6097560975609756,5.0,4.390243902439025
Dynamic Local Initial Ramsey,2026-09-21 12:37:56,adder_n7_vq.py,8,34,5,1.1764705882352942,5.0,3.8235294117647056
Dynamic Local Initial Ramsey,2026-09-21 12:37:56,shor_mod15_mqt.py,6,34,5,0.8823529411764707,5.0,4.117647058823529
Dynamic Local Initial Ramsey,2026-09-21 12:37:56,qft_6_mqt.py,7,34,5,1.0294117647058822,5.0,3.9705882352941178
Dynamic Local Initial Ramsey,2026-09-21 12:37:56,dj_indep_4_mqt.py,5,34,5,0.7352941176470589,5.0,4.264705882352941
Dynamic Local Initial Ramsey,2026-09-21 12:37:56,qft_7_vq.py,8,34,5,1.1764705882352942,5.0,3.8235294117647056
